Node Name,label,MCL Cluster,MCL Cluster Size,Node Component Identifier,Node Degree,Node In Degree,Node Multiplicity,Node Out Degree
0,SLC29A4,Cluster 4769,1,Component 1,0,0,1,0
1,PRR14,Cluster 208,7,Component 2,15,0,1,15
2,SLC24A5,Cluster 365,5,Component 2,1,0,1,1
3,KIR3DS1,Cluster 551,4,Component 2,4,0,1,4
4,PTEN,Cluster 145,9,Component 2,38,0,1,38
5,VSIG4,Cluster 8,37,Component 2,35,0,1,35
6,SLC5A2,Cluster 4768,1,Component 3,0,0,1,0
7,MAP2K5,Cluster 1516,2,Component 2,8,0,1,8
8,ERI3,Cluster 364,5,Component 2,3,0,1,3
9,PSMB7,Cluster 550,4,Component 2,14,0,1,14
10,SIGMAR1,Cluster 28,26,Component 2,11,0,1,11
11,BIRC5,Cluster 1,96,Component 2,70,0,1,70
12,ASIC4,Cluster 4767,1,Component 4,0,0,1,0
13,SPO11,Cluster 4766,1,Component 5,0,0,1,0
14,ATAD3A,Cluster 549,4,Component 2,3,0,1,3
15,HCK,Cluster 91,12,Component 2,34,0,1,34
16,RBM4,Cluster 4765,1,Component 6,0,0,1,0
17,ACTA1,Cluster 74,14,Component 2,8,0,1,8
18,TMEM167B,Cluster 264,6,Component 2,3,0,1,3
19,PDGFB,Cluster 881,3,Component 2,2,0,1,2
20,ZNF324,Cluster 880,3,Component 2,2,0,1,2
21,DNAH7,Cluster 4764,1,Component 7,0,0,1,0
22,PANX3,Cluster 879,3,Component 2,2,0,1,2
23,CMTM2,Cluster 18,30,Component 2,12,0,1,12
24,PIR,Cluster 56,17,Component 2,5,0,1,5
25,PRAP1,Cluster 4763,1,Component 8,0,0,1,0
26,IKBKG,Cluster 22,29,Component 2,17,0,1,17
27,LAD1,Cluster 878,3,Component 9,1,0,1,1
28,FAM120B,Cluster 68,15,Component 2,4,0,1,4
29,IFNGR2,Cluster 207,7,Component 2,5,0,1,5
30,PLSCR1,Cluster 3,64,Component 2,47,0,1,47
31,SRGN,Cluster 4762,1,Component 2,32,0,1,32
32,ELOVL5,Cluster 4761,1,Component 10,0,0,1,0
33,FHL2,Cluster 363,5,Component 2,2,0,1,2
34,HAPLN1,Cluster 263,6,Component 2,1,0,1,1
35,DHRS11,Cluster 4760,1,Component 11,0,0,1,0
36,PRSS58,Cluster 4759,1,Component 12,0,0,1,0
37,MAGEA11,Cluster 144,9,Component 2,4,0,1,4
38,ITGA11,Cluster 4758,1,Component 13,0,0,1,0
39,GNPDA2,Cluster 4757,1,Component 14,0,0,1,0
40,CUL4B,Cluster 877,3,Component 2,16,0,1,16
41,ARHGAP4,Cluster 27,26,Component 2,4,0,1,4
42,SPOUT1,Cluster 13,33,Component 2,13,0,1,13
43,ALS2CL,Cluster 4756,1,Component 15,0,0,1,0
44,SEMA3G,Cluster 4755,1,Component 16,0,0,1,0
45,ANKRD23,Cluster 4754,1,Component 17,0,0,1,0
46,TMED5,Cluster 1515,2,Component 2,9,0,1,9
47,CLHC1,Cluster 4753,1,Component 18,0,0,1,0
48,CCDC65,Cluster 1514,2,Component 19,1,0,1,1
49,HLA-DQB2,Cluster 206,7,Component 2,7,0,1,7
50,ADRM1,Cluster 35,24,Component 2,8,0,1,8
51,MON1B,Cluster 172,8,Component 2,17,0,1,17
52,PCMTD2,Cluster 35,24,Component 2,3,0,1,3
53,MPC1L,Cluster 1513,2,Component 2,1,0,1,1
54,ARG1,Cluster 1512,2,Component 2,4,0,1,4
55,POF1B,Cluster 4752,1,Component 20,0,0,1,0
56,CCNT2,Cluster 362,5,Component 2,10,0,1,10
57,ANAPC2,Cluster 876,3,Component 2,12,0,1,12
58,ROBO3,Cluster 4751,1,Component 21,0,0,1,0
59,HPX,Cluster 4750,1,Component 22,0,0,1,0
60,NOL12,Cluster 21,29,Component 2,6,0,1,6
61,ARFIP2,Cluster 548,4,Component 2,5,0,1,5
62,ABHD1,Cluster 4749,1,Component 23,0,0,1,0
63,SEC14L2,Cluster 4748,1,Component 24,0,0,1,0
64,SLC39A7,Cluster 361,5,Component 2,14,0,1,14
65,SLC3A1,Cluster 1511,2,Component 25,1,0,1,1
66,NCR2,Cluster 4747,1,Component 26,0,0,1,0
67,OXT,Cluster 547,4,Component 2,8,0,1,8
68,SLC13A3,Cluster 4746,1,Component 27,0,0,1,0
69,COPS4,Cluster 4745,1,Component 2,8,0,1,8
70,EMC3,Cluster 875,3,Component 2,4,0,1,4
71,NETO2,Cluster 4744,1,Component 28,0,0,1,0
72,ABTB1,Cluster 4743,1,Component 29,0,0,1,0
73,SENP7,Cluster 362,5,Component 2,5,1,1,4
74,LPAR1,Cluster 4742,1,Component 30,0,0,1,0
75,WDR35,Cluster 4741,1,Component 31,0,0,1,0
76,APLP2,Cluster 874,3,Component 2,6,0,1,6
77,EIF2B2,Cluster 360,5,Component 2,15,0,1,15
78,LRGUK,Cluster 4740,1,Component 32,0,0,1,0
79,ENO1,Cluster 262,6,Component 2,11,0,1,11
80,FZD2,Cluster 4739,1,Component 33,0,0,1,0
81,FHL3,Cluster 122,10,Component 2,1,0,1,1
82,LLPH,Cluster 53,18,Component 2,1,0,1,1
83,SLC25A20,Cluster 359,5,Component 2,4,0,1,4
84,HR,Cluster 4738,1,Component 34,0,0,1,0
85,EXTL2,Cluster 4737,1,Component 35,0,0,1,0
86,SLC6A7,Cluster 4736,1,Component 36,0,0,1,0
87,EPRS1,Cluster 31,25,Component 2,17,0,1,17
88,CAPS2,Cluster 4735,1,Component 37,0,0,1,0
89,ASPHD1,Cluster 1510,2,Component 38,1,0,1,1
90,H4C7,Cluster 4734,1,Component 39,0,0,1,0
91,PTP4A2,Cluster 546,4,Component 2,2,0,1,2
92,PLEK2,Cluster 358,5,Component 2,1,0,1,1
93,IGFBP1,Cluster 4733,1,Component 40,0,0,1,0
94,OXLD1,Cluster 42,21,Component 2,12,0,1,12
95,HTR4,Cluster 4732,1,Component 41,0,0,1,0
96,MAPRE1,Cluster 357,5,Component 2,10,0,1,10
97,KRT9,Cluster 4731,1,Component 42,0,0,1,0
98,MAP4,Cluster 873,3,Component 2,3,0,1,3
99,GNAT2,Cluster 4730,1,Component 43,0,0,1,0
100,TCP11L2,Cluster 4729,1,Component 44,0,0,1,0
101,KIRREL3,Cluster 4728,1,Component 45,0,0,1,0
102,EPM2A,Cluster 4727,1,Component 46,0,0,1,0
103,BTD,Cluster 4726,1,Component 47,0,0,1,0
104,PRELID2,Cluster 4725,1,Component 48,0,0,1,0
105,SLC17A9,Cluster 4724,1,Component 49,0,0,1,0
106,SMS,Cluster 205,7,Component 2,5,0,1,5
107,COG7,Cluster 52,18,Component 2,6,0,1,6
108,PKN3,Cluster 4723,1,Component 50,0,0,1,0
109,LSG1,Cluster 121,10,Component 2,11,0,1,11
110,TMEM120A,Cluster 545,4,Component 2,2,0,1,2
111,OTUD5,Cluster 34,24,Component 2,4,0,1,4
112,IL13RA1,Cluster 544,4,Component 2,3,0,1,3
113,AURKA,Cluster 1,96,Component 2,57,1,1,56
114,SLIT1,Cluster 1509,2,Component 51,1,0,1,1
115,GAD1,Cluster 872,3,Component 52,2,0,1,2
116,G3BP2,Cluster 204,7,Component 2,13,0,1,13
117,SLC38A4,Cluster 4722,1,Component 53,0,0,1,0
118,RPAP1,Cluster 120,10,Component 2,3,0,1,3
119,NCOA4,Cluster 871,3,Component 2,1,0,1,1
120,MET,Cluster 1508,2,Component 2,2,0,1,2
121,TYMP,Cluster 1507,2,Component 2,13,0,1,13
122,POLE3,Cluster 203,7,Component 2,10,0,1,10
123,ACAD10,Cluster 4721,1,Component 54,0,0,1,0
124,PUS7L,Cluster 543,4,Component 2,1,0,1,1
125,ZNF2,Cluster 4720,1,Component 55,0,0,1,0
126,KRT15,Cluster 171,8,Component 2,4,0,1,4
127,RAD23A,Cluster 1506,2,Component 2,14,0,1,14
128,PEG10,Cluster 870,3,Component 56,1,0,1,1
129,CHPF2,Cluster 202,7,Component 2,5,0,1,5
130,PLA2G2F,Cluster 4719,1,Component 57,0,0,1,0
131,ITGAD,Cluster 4718,1,Component 58,0,0,1,0
132,EPOP,Cluster 1505,2,Component 59,1,0,1,1
133,IPO5,Cluster 40,22,Component 2,16,0,1,16
134,SIL1,Cluster 356,5,Component 2,5,0,1,5
135,TLCD3B,Cluster 4717,1,Component 60,0,0,1,0
136,LGALS7,Cluster 4716,1,Component 61,0,0,1,0
137,DERL3,Cluster 26,26,Component 2,15,0,1,15
138,SS18,Cluster 1504,2,Component 2,11,0,1,11
139,VDR,Cluster 355,5,Component 2,2,0,1,2
140,ENPP2,Cluster 869,3,Component 2,1,0,1,1
141,KMT5A,Cluster 542,4,Component 2,2,0,1,2
142,DCDC2C,Cluster 4715,1,Component 62,0,0,1,0
143,CCDC113,Cluster 1503,2,Component 63,1,0,1,1
144,DNAAF5,Cluster 83,13,Component 2,10,0,1,10
145,ARHGEF38,Cluster 4714,1,Component 64,0,0,1,0
146,KIR2DL2,Cluster 551,4,Component 2,5,1,1,4
147,ECSIT,Cluster 261,6,Component 2,22,1,1,21
148,KCNQ1,Cluster 1502,2,Component 65,1,0,1,1
149,RAB4B,Cluster 4713,1,Component 66,0,0,1,0
150,RAB6A,Cluster 1501,2,Component 2,3,0,1,3
151,C20orf203,Cluster 4712,1,Component 67,0,0,1,0
152,DICER1,Cluster 541,4,Component 2,7,0,1,7
153,VAT1,Cluster 4711,1,Component 68,0,0,1,0
154,SH2D2A,Cluster 2,70,Component 2,7,0,1,7
155,ALX1,Cluster 4710,1,Component 69,0,0,1,0
156,TXN,Cluster 4709,1,Component 2,12,1,1,11
157,PERM1,Cluster 4708,1,Component 70,0,0,1,0
158,HINT2,Cluster 28,26,Component 2,6,0,1,6
159,ATP6V1E1,Cluster 21,29,Component 2,12,0,1,12
160,ZNF460,Cluster 4707,1,Component 71,0,0,1,0
161,OFD1,Cluster 64,16,Component 2,7,0,1,7
162,CCT7,Cluster 4706,1,Component 2,8,0,1,8
163,UPF2,Cluster 63,16,Component 2,17,0,1,17
164,MARCKSL1,Cluster 1500,2,Component 2,4,0,1,4
165,BAZ2B,Cluster 354,5,Component 2,6,1,1,5
166,TBCE,Cluster 31,25,Component 2,19,1,1,18
167,ARFGAP2,Cluster 260,6,Component 2,5,0,1,5
168,PDE4D,Cluster 4705,1,Component 72,0,0,1,0
169,IFI44,Cluster 3,64,Component 2,56,1,1,55
170,ADIRF,Cluster 119,10,Component 2,1,0,1,1
171,FBXL6,Cluster 33,24,Component 2,10,1,1,9
172,EPHB6,Cluster 4704,1,Component 73,0,0,1,0
173,CFAP298-TCP10L,Cluster 1499,2,Component 2,1,0,1,1
174,SLC50A1,Cluster 12,34,Component 2,1,0,1,1
175,SPOCK2,Cluster 2,70,Component 2,8,0,1,8
176,BCO1,Cluster 868,3,Component 74,2,0,1,2
177,CHRNA5,Cluster 4703,1,Component 75,0,0,1,0
178,LRRC26,Cluster 4702,1,Component 76,0,0,1,0
179,FREM3,Cluster 4701,1,Component 77,0,0,1,0
180,LIPF,Cluster 4700,1,Component 78,0,0,1,0
181,IL17C,Cluster 4699,1,Component 79,0,0,1,0
182,KANK1,Cluster 4698,1,Component 80,0,0,1,0
183,PRUNE1,Cluster 259,6,Component 2,19,0,1,19
184,CDIP1,Cluster 540,4,Component 2,2,0,1,2
185,DPP3,Cluster 108,11,Component 2,8,0,1,8
186,BORA,Cluster 40,22,Component 2,7,0,1,7
187,KRT80,Cluster 4697,1,Component 81,0,0,1,0
188,CAPG,Cluster 82,13,Component 2,5,0,1,5
189,ART1,Cluster 4696,1,Component 82,0,0,1,0
190,PNPLA8,Cluster 867,3,Component 2,2,0,1,2
191,ACOX1,Cluster 539,4,Component 2,1,0,1,1
192,MC1R,Cluster 4695,1,Component 83,0,0,1,0
193,SGCG,Cluster 4694,1,Component 84,0,0,1,0
194,SNX3,Cluster 49,19,Component 2,15,0,1,15
195,HOOK1,Cluster 4693,1,Component 85,0,0,1,0
196,CCDC8,Cluster 4692,1,Component 86,0,0,1,0
197,HSPB7,Cluster 1498,2,Component 2,1,0,1,1
198,NUP58,Cluster 17,30,Component 2,12,0,1,12
199,KHDC4,Cluster 143,9,Component 2,20,0,1,20
200,MGAT4C,Cluster 4691,1,Component 87,0,0,1,0
201,SNRPD2,Cluster 4,61,Component 2,33,0,1,33
202,MAGEA6,Cluster 144,9,Component 2,7,1,1,6
203,KNL1,Cluster 1,96,Component 2,30,0,1,30
204,ATG3,Cluster 1497,2,Component 2,5,0,1,5
205,ZNF639,Cluster 201,7,Component 2,2,0,1,2
206,MED23,Cluster 353,5,Component 2,17,0,1,17
207,SMC6,Cluster 352,5,Component 2,2,0,1,2
208,WNK4,Cluster 4690,1,Component 88,0,0,1,0
209,JUN,Cluster 7,39,Component 2,26,0,1,26
210,RBMS3,Cluster 4689,1,Component 89,0,0,1,0
211,STOML3,Cluster 4688,1,Component 90,0,0,1,0
212,TSFM,Cluster 538,4,Component 2,4,0,1,4
213,SECTM1,Cluster 11,34,Component 2,9,1,1,8
214,KLK15,Cluster 4687,1,Component 91,0,0,1,0
215,MTREX,Cluster 351,5,Component 2,13,0,1,13
216,C4orf19,Cluster 4686,1,Component 92,0,0,1,0
217,CALHM2,Cluster 4685,1,Component 93,0,0,1,0
218,INAVA,Cluster 878,3,Component 9,2,1,1,1
219,MRC1,Cluster 869,3,Component 2,15,2,1,13
220,SERPINA9,Cluster 4684,1,Component 94,0,0,1,0
221,SIK2,Cluster 1496,2,Component 2,1,0,1,1
222,SLC17A7,Cluster 4683,1,Component 95,0,0,1,0
223,IRF7,Cluster 3,64,Component 2,53,3,1,50
224,CES3,Cluster 4682,1,Component 96,0,0,1,0
225,HMG20B,Cluster 1495,2,Component 2,5,0,1,5
226,SNX7,Cluster 4681,1,Component 97,0,0,1,0
227,GCNT1,Cluster 107,11,Component 2,2,0,1,2
228,TXLNG,Cluster 64,16,Component 2,11,0,1,11
229,KBTBD2,Cluster 4680,1,Component 98,0,0,1,0
230,SGCA,Cluster 870,3,Component 56,1,0,1,1
231,FCGR3A,Cluster 866,3,Component 2,1,0,1,1
232,SLC9A7,Cluster 1494,2,Component 99,1,0,1,1
233,KPNA4,Cluster 537,4,Component 2,3,0,1,3
234,FGD3,Cluster 4679,1,Component 100,0,0,1,0
235,GHRHR,Cluster 1493,2,Component 101,1,0,1,1
236,TK1,Cluster 44,20,Component 2,56,1,1,55
237,EHD2,Cluster 865,3,Component 102,1,0,1,1
238,MAPK1,Cluster 536,4,Component 2,14,0,1,14
239,MCM3,Cluster 1492,2,Component 2,24,0,1,24
240,TAF4,Cluster 35,24,Component 2,6,0,1,6
241,ABHD3,Cluster 4678,1,Component 103,0,0,1,0
242,CUTA,Cluster 67,15,Component 2,4,0,1,4
243,NAA50,Cluster 200,7,Component 2,9,2,1,7
244,KLRG1,Cluster 2,70,Component 2,10,0,1,10
245,CCN3,Cluster 4677,1,Component 104,0,0,1,0
246,CPNE6,Cluster 4676,1,Component 105,0,0,1,0
247,CPNE1,Cluster 81,13,Component 2,13,0,1,13
248,GPR4,Cluster 106,11,Component 2,3,0,1,3
249,ADA2,Cluster 90,12,Component 2,6,0,1,6
250,EREG,Cluster 864,3,Component 2,1,0,1,1
251,NEK1,Cluster 199,7,Component 2,1,0,1,1
252,MAML1,Cluster 258,6,Component 2,8,0,1,8
253,SOHLH1,Cluster 4675,1,Component 106,0,0,1,0
254,TSPYL1,Cluster 535,4,Component 2,5,0,1,5
255,CCDC9,Cluster 4674,1,Component 107,0,0,1,0
256,ASB6,Cluster 13,33,Component 2,9,1,1,8
257,SEC11C,Cluster 534,4,Component 2,4,0,1,4
258,NUDT11,Cluster 533,4,Component 2,1,0,1,1
259,CD79B,Cluster 10,36,Component 2,9,0,1,9
260,PERP,Cluster 118,10,Component 2,3,0,1,3
261,MICU3,Cluster 1491,2,Component 2,1,0,1,1
262,SULT1E1,Cluster 4673,1,Component 108,0,0,1,0
263,SALL4,Cluster 1490,2,Component 109,1,0,1,1
264,NUCKS1,Cluster 170,8,Component 2,5,0,1,5
265,LYRM4,Cluster 863,3,Component 2,9,1,1,8
266,RPS11,Cluster 80,13,Component 2,10,1,1,9
267,SUN2,Cluster 4672,1,Component 110,0,0,1,0
268,RANGRF,Cluster 6,45,Component 2,12,0,1,12
269,APOA1,Cluster 862,3,Component 2,5,0,1,5
270,EHD4,Cluster 4671,1,Component 111,0,0,1,0
271,MACIR,Cluster 4670,1,Component 112,0,0,1,0
272,SLC35B3,Cluster 4669,1,Component 113,0,0,1,0
273,HNF4G,Cluster 1489,2,Component 2,3,0,1,3
274,POGLUT1,Cluster 532,4,Component 2,2,0,1,2
275,SERPINE2,Cluster 4668,1,Component 114,0,0,1,0
276,PDCD1LG2,Cluster 861,3,Component 2,3,0,1,3
277,MKKS,Cluster 20,29,Component 2,24,0,1,24
278,PTMS,Cluster 1488,2,Component 2,1,0,1,1
279,CEP57L1,Cluster 43,20,Component 2,1,0,1,1
280,GPATCH8,Cluster 118,10,Component 2,3,0,1,3
281,MAGEA10,Cluster 144,9,Component 2,4,2,1,2
282,HES1,Cluster 1487,2,Component 2,4,0,1,4
283,SLC25A32,Cluster 5,52,Component 2,23,0,1,23
284,HOXA3,Cluster 105,11,Component 2,7,0,1,7
285,CDC40,Cluster 49,19,Component 2,27,2,1,25
286,MANEA,Cluster 49,19,Component 2,6,1,1,5
287,SDF4,Cluster 531,4,Component 2,12,0,1,12
288,FURIN,Cluster 4667,1,Component 115,0,0,1,0
289,CHUK,Cluster 1486,2,Component 2,13,0,1,13
290,TMEM59,Cluster 1485,2,Component 2,7,0,1,7
291,NOL7,Cluster 257,6,Component 2,6,0,1,6
292,RIPK1,Cluster 1484,2,Component 2,1,0,1,1
293,MYH13,Cluster 4666,1,Component 116,0,0,1,0
294,CRH,Cluster 350,5,Component 2,2,0,1,2
295,AFM,Cluster 530,4,Component 2,2,0,1,2
296,DNTTIP2,Cluster 860,3,Component 2,16,1,1,15
297,PIGL,Cluster 256,6,Component 2,2,0,1,2
298,PADI3,Cluster 4665,1,Component 117,0,0,1,0
299,SLC41A1,Cluster 859,3,Component 118,2,0,1,2
300,UROS,Cluster 198,7,Component 2,3,0,1,3
301,SIRT7,Cluster 42,21,Component 2,8,1,1,7
302,OMG,Cluster 4664,1,Component 119,0,0,1,0
303,MRPL42,Cluster 255,6,Component 2,12,0,1,12
304,ZBTB5,Cluster 28,26,Component 2,10,0,1,10
305,VAMP4,Cluster 197,7,Component 2,8,0,1,8
306,INTS7,Cluster 31,25,Component 2,11,1,1,10
307,PENK,Cluster 26,26,Component 2,1,0,1,1
308,SERTAD4,Cluster 4663,1,Component 120,0,0,1,0
309,KANSL3,Cluster 4662,1,Component 121,0,0,1,0
310,LRFN4,Cluster 4661,1,Component 122,0,0,1,0
311,FLT3LG,Cluster 529,4,Component 2,5,0,1,5
312,SPRR3,Cluster 171,8,Component 2,6,0,1,6
313,TTC8,Cluster 858,3,Component 2,2,0,1,2
314,C12orf56,Cluster 4660,1,Component 123,0,0,1,0
315,TMEM109,Cluster 857,3,Component 2,1,0,1,1
316,CTSL,Cluster 8,37,Component 2,19,0,1,19
317,THAP3,Cluster 528,4,Component 2,2,0,1,2
318,CNIH4,Cluster 31,25,Component 2,5,1,1,4
319,VIM,Cluster 82,13,Component 2,5,0,1,5
320,DHRS7B,Cluster 1483,2,Component 2,1,0,1,1
321,SLC5A12,Cluster 4659,1,Component 124,0,0,1,0
322,TFPI,Cluster 856,3,Component 2,1,0,1,1
323,KPNA1,Cluster 200,7,Component 2,13,1,1,12
324,REXO2,Cluster 62,16,Component 2,13,0,1,13
325,PRAMEF11,Cluster 4658,1,Component 125,0,0,1,0
326,NHERF4,Cluster 4657,1,Component 126,0,0,1,0
327,FARSB,Cluster 254,6,Component 2,4,0,1,4
328,TMEM30A,Cluster 855,3,Component 2,8,0,1,8
329,TRAF3IP3,Cluster 2,70,Component 2,25,0,1,25
330,MSRB1,Cluster 1482,2,Component 2,1,0,1,1
331,ANTXR1,Cluster 117,10,Component 2,2,0,1,2
332,TCOF1,Cluster 854,3,Component 2,10,0,1,10
333,CYP17A1,Cluster 116,10,Component 2,2,0,1,2
334,SLC25A6,Cluster 4,61,Component 2,40,1,1,39
335,AGXT2,Cluster 4656,1,Component 127,0,0,1,0
336,COMMD4,Cluster 142,9,Component 2,7,0,1,7
337,CDV3,Cluster 357,5,Component 2,1,1,1,0
338,NUB1,Cluster 1481,2,Component 2,2,0,1,2
339,EIF1AX,Cluster 64,16,Component 2,17,2,1,15
340,PHF13,Cluster 1480,2,Component 2,2,0,1,2
341,NTF4,Cluster 1479,2,Component 128,2,0,1,2
342,BIN2,Cluster 853,3,Component 2,6,1,1,5
343,SOX15,Cluster 4655,1,Component 129,0,0,1,0
344,KIF26B,Cluster 117,10,Component 2,1,0,1,1
345,STYXL1,Cluster 169,8,Component 2,8,0,1,8
346,CFHR3,Cluster 1478,2,Component 130,1,0,1,1
347,ENSG00000285446,Cluster 1477,2,Component 131,1,0,1,1
348,NR5A1,Cluster 4654,1,Component 2,7,0,1,7
349,HNRNPAB,Cluster 349,5,Component 2,6,0,1,6
350,CD163,Cluster 8,37,Component 2,40,3,1,37
351,ZNF669,Cluster 4653,1,Component 132,0,0,1,0
352,A4GALT,Cluster 1476,2,Component 133,1,0,1,1
353,IL16,Cluster 852,3,Component 2,7,0,1,7
354,HBQ1,Cluster 15,31,Component 2,10,0,1,10
355,TGM2,Cluster 4652,1,Component 134,0,0,1,0
356,ERCC3,Cluster 168,8,Component 2,6,0,1,6
357,ATP13A4,Cluster 4651,1,Component 135,0,0,1,0
358,REV1,Cluster 4650,1,Component 136,0,0,1,0
359,KRTAP3-2,Cluster 4649,1,Component 137,0,0,1,0
360,ADAR,Cluster 3,64,Component 2,46,2,1,44
361,PLOD1,Cluster 196,7,Component 2,3,0,1,3
362,CRY2,Cluster 1475,2,Component 2,2,0,1,2
363,SESN1,Cluster 527,4,Component 2,2,0,1,2
364,CCDC110,Cluster 4648,1,Component 138,0,0,1,0
365,TRIM66,Cluster 4647,1,Component 139,0,0,1,0
366,IDH3G,Cluster 22,29,Component 2,28,1,1,27
367,MINAR1,Cluster 4646,1,Component 140,0,0,1,0
368,SREBF1,Cluster 30,25,Component 2,1,0,1,1
369,SNX8,Cluster 851,3,Component 2,3,0,1,3
370,MZT1,Cluster 1474,2,Component 2,13,2,1,11
371,STAU1,Cluster 89,12,Component 2,16,0,1,16
372,AHCTF1,Cluster 31,25,Component 2,13,1,1,12
373,NAT9,Cluster 104,11,Component 2,6,1,1,5
374,DENND11,Cluster 4645,1,Component 141,0,0,1,0
375,RNF26,Cluster 4644,1,Component 142,0,0,1,0
376,MITF,Cluster 4643,1,Component 2,5,0,1,5
377,CTSS,Cluster 167,8,Component 2,25,1,1,24
378,RLN2,Cluster 4642,1,Component 143,0,0,1,0
379,CPQ,Cluster 1473,2,Component 144,1,0,1,1
380,SLC7A1,Cluster 1472,2,Component 2,1,0,1,1
381,RBM6,Cluster 4641,1,Component 2,17,0,1,17
382,CDK11A,Cluster 1471,2,Component 2,1,0,1,1
383,NR0B2,Cluster 4640,1,Component 145,0,0,1,0
384,ATP1A2,Cluster 850,3,Component 2,1,0,1,1
385,ABCD3,Cluster 348,5,Component 2,4,0,1,4
386,SEL1L,Cluster 526,4,Component 2,4,0,1,4
387,TMEM95,Cluster 4639,1,Component 146,0,0,1,0
388,GALP,Cluster 4638,1,Component 147,0,0,1,0
389,CTNNA1,Cluster 4637,1,Component 2,6,0,1,6
390,EPAS1,Cluster 1470,2,Component 2,1,0,1,1
391,NDNF,Cluster 1469,2,Component 148,1,0,1,1
392,FNTA,Cluster 32,24,Component 2,25,0,1,25
393,TIMM10,Cluster 525,4,Component 2,12,0,1,12
394,ZC4H2,Cluster 4636,1,Component 149,0,0,1,0
395,SENP6,Cluster 195,7,Component 2,17,0,1,17
396,CES2,Cluster 1468,2,Component 2,1,0,1,1
397,BANP,Cluster 79,13,Component 2,1,0,1,1
398,FLVCR1,Cluster 1467,2,Component 2,2,1,1,1
399,INSM1,Cluster 103,11,Component 2,3,0,1,3
400,MORN2,Cluster 4635,1,Component 2,5,0,1,5
401,CCL4,Cluster 2,70,Component 2,32,1,1,31
402,CCT4,Cluster 524,4,Component 2,8,1,1,7
403,ZNF423,Cluster 4634,1,Component 150,0,0,1,0
404,SMAD5,Cluster 523,4,Component 2,7,0,1,7
405,C10orf143,Cluster 4633,1,Component 151,0,0,1,0
406,ERGIC1,Cluster 36,23,Component 2,3,1,1,2
407,ATP5F1D,Cluster 73,14,Component 2,29,1,1,28
408,AGPAT1,Cluster 347,5,Component 2,9,0,1,9
409,SCD,Cluster 30,25,Component 2,14,1,1,13
410,DALRD3,Cluster 522,4,Component 2,1,0,1,1
411,PLEKHS1,Cluster 4632,1,Component 152,0,0,1,0
412,ALOX12B,Cluster 4631,1,Component 153,0,0,1,0
413,AEN,Cluster 141,9,Component 2,3,0,1,3
414,FAM20C,Cluster 170,8,Component 2,2,0,1,2
415,CDKN3,Cluster 1,96,Component 2,70,3,1,67
416,POU3F2,Cluster 4630,1,Component 154,0,0,1,0
417,GYS2,Cluster 1466,2,Component 2,1,0,1,1
418,ZGLP1,Cluster 4629,1,Component 155,0,0,1,0
419,AMACR,Cluster 1465,2,Component 2,1,0,1,1
420,KMT2E,Cluster 1464,2,Component 2,7,0,1,7
421,DYRK1B,Cluster 521,4,Component 2,1,0,1,1
422,PSEN1,Cluster 1463,2,Component 2,8,0,1,8
423,FOXD1,Cluster 4628,1,Component 156,0,0,1,0
424,ETS2,Cluster 7,39,Component 2,7,0,1,7
425,LMLN,Cluster 36,23,Component 2,1,0,1,1
426,CYP2B6,Cluster 4627,1,Component 157,0,0,1,0
427,SLC44A4,Cluster 4626,1,Component 158,0,0,1,0
428,SPRY4,Cluster 253,6,Component 2,3,0,1,3
429,RIPOR1,Cluster 4625,1,Component 159,0,0,1,0
430,PARP2,Cluster 346,5,Component 2,13,0,1,13
431,EVA1B,Cluster 1462,2,Component 160,1,0,1,1
432,PHTF1,Cluster 849,3,Component 2,1,0,1,1
433,CHGA,Cluster 103,11,Component 2,5,1,1,4
434,RAB3GAP1,Cluster 362,5,Component 2,2,1,1,1
435,BLNK,Cluster 10,36,Component 2,10,0,1,10
436,MIA,Cluster 4624,1,Component 161,0,0,1,0
437,DPYD,Cluster 520,4,Component 2,1,0,1,1
438,SSBP3,Cluster 848,3,Component 2,2,0,1,2
439,TMEM72,Cluster 4623,1,Component 162,0,0,1,0
440,KLHL23,Cluster 4622,1,Component 163,0,0,1,0
441,CAMSAP2,Cluster 78,13,Component 2,2,0,1,2
442,PHYHD1,Cluster 1461,2,Component 2,1,0,1,1
443,P3H1,Cluster 196,7,Component 2,2,1,1,1
444,L2HGDH,Cluster 1460,2,Component 2,1,0,1,1
445,UBAP1,Cluster 28,26,Component 2,16,1,1,15
446,PPP1R3D,Cluster 847,3,Component 2,4,0,1,4
447,MFI,Cluster 4621,1,Component 164,0,0,1,0
448,UNC119,Cluster 61,16,Component 2,5,0,1,5
449,ANXA1,Cluster 82,13,Component 2,5,1,1,4
450,ACTR5,Cluster 846,3,Component 2,8,1,1,7
451,BPHL,Cluster 39,22,Component 2,1,0,1,1
452,TFF1,Cluster 1459,2,Component 2,8,0,1,8
453,TMEM175,Cluster 4620,1,Component 165,0,0,1,0
454,CFAP418,Cluster 5,52,Component 2,1,0,1,1
455,JRKL,Cluster 1458,2,Component 2,1,0,1,1
456,BICD1,Cluster 4619,1,Component 166,0,0,1,0
457,NCSTN,Cluster 345,5,Component 2,8,0,1,8
458,TSPOAP1,Cluster 4618,1,Component 167,0,0,1,0
459,POU4F3,Cluster 845,3,Component 128,1,0,1,1
460,FXYD5,Cluster 844,3,Component 2,1,0,1,1
461,TMOD1,Cluster 15,31,Component 2,1,0,1,1
462,CDKN1C,Cluster 141,9,Component 2,2,0,1,2
463,TDG,Cluster 194,7,Component 2,7,0,1,7
464,PLPBP,Cluster 32,24,Component 2,11,0,1,11
465,RGP1,Cluster 28,26,Component 2,10,0,1,10
466,PCNP,Cluster 166,8,Component 2,2,0,1,2
467,TSKU,Cluster 350,5,Component 2,1,0,1,1
468,TCF15,Cluster 4617,1,Component 168,0,0,1,0
469,IL1RAPL1,Cluster 4616,1,Component 169,0,0,1,0
470,SKIC3,Cluster 843,3,Component 2,14,0,1,14
471,MRFAP1L1,Cluster 88,12,Component 2,8,0,1,8
472,PARG,Cluster 4615,1,Component 170,0,0,1,0
473,BMPR1A,Cluster 344,5,Component 2,3,0,1,3
474,EIF3I,Cluster 140,9,Component 2,12,1,1,11
475,IRF2BPL,Cluster 1457,2,Component 171,1,0,1,1
476,ZNF24,Cluster 25,26,Component 2,13,1,1,12
477,PSMD12,Cluster 14,32,Component 2,20,0,1,20
478,PDZRN4,Cluster 4614,1,Component 172,0,0,1,0
479,HLCS,Cluster 519,4,Component 2,5,0,1,5
480,CAB39,Cluster 1456,2,Component 2,3,0,1,3
481,SLC16A6,Cluster 4613,1,Component 173,0,0,1,0
482,ZFX,Cluster 64,16,Component 2,13,2,1,11
483,PLK1,Cluster 1,96,Component 2,34,4,1,30
484,FAM200C,Cluster 252,6,Component 2,2,0,1,2
485,GDNF,Cluster 4612,1,Component 174,0,0,1,0
486,TRIM29,Cluster 87,12,Component 2,5,0,1,5
487,LGI4,Cluster 4611,1,Component 175,0,0,1,0
488,SMIM26,Cluster 20,29,Component 2,5,1,1,4
489,EIF3C,Cluster 102,11,Component 2,12,1,1,11
490,ARFIP1,Cluster 199,7,Component 2,5,1,1,4
491,FOXO3,Cluster 527,4,Component 2,16,2,1,14
492,HPN,Cluster 4610,1,Component 176,0,0,1,0
493,SLC4A7,Cluster 4609,1,Component 177,0,0,1,0
494,WIPF1,Cluster 4608,1,Component 2,7,0,1,7
495,CHST14,Cluster 4607,1,Component 178,0,0,1,0
496,KICS2,Cluster 36,23,Component 2,1,0,1,1
497,SERPINA2,Cluster 4606,1,Component 179,0,0,1,0
498,CD151,Cluster 1455,2,Component 2,6,1,1,5
499,RPL9,Cluster 4,61,Component 2,50,0,1,50
500,BCAT1,Cluster 1454,2,Component 2,2,0,1,2
501,TUBB,Cluster 842,3,Component 2,25,2,1,23
502,KCTD6,Cluster 251,6,Component 2,2,0,1,2
503,GPR143,Cluster 1453,2,Component 180,1,0,1,1
504,CCDC106,Cluster 4605,1,Component 181,0,0,1,0
505,GOLGA2,Cluster 1452,2,Component 2,4,0,1,4
506,CCNB1,Cluster 1,96,Component 2,68,4,1,64
507,SPNS3,Cluster 4604,1,Component 182,0,0,1,0
508,GPC6,Cluster 4603,1,Component 183,0,0,1,0
509,KRT83,Cluster 4602,1,Component 184,0,0,1,0
510,FAAH,Cluster 518,4,Component 2,2,0,1,2
511,SLC26A1,Cluster 4601,1,Component 185,0,0,1,0
512,DHFR,Cluster 1,96,Component 2,38,2,1,36
513,SMIM27,Cluster 28,26,Component 2,9,1,1,8
514,DNMT1,Cluster 517,4,Component 2,13,1,1,12
515,DNMT3B,Cluster 517,4,Component 2,1,1,1,0
516,FOXH1,Cluster 1451,2,Component 2,1,0,1,1
517,C11orf42,Cluster 4600,1,Component 186,0,0,1,0
518,ZDHHC2,Cluster 1491,2,Component 2,2,1,1,1
519,VIPAS39,Cluster 343,5,Component 2,10,2,1,8
520,UBE2Q1,Cluster 12,34,Component 2,21,2,1,19
521,CNRIP1,Cluster 4599,1,Component 187,0,0,1,0
522,SPNS1,Cluster 1450,2,Component 2,4,0,1,4
523,SDF2L1,Cluster 51,18,Component 2,27,0,1,27
524,KRT73,Cluster 1449,2,Component 188,1,0,1,1
525,KCNMB2,Cluster 4598,1,Component 189,0,0,1,0
526,SEPHS1,Cluster 63,16,Component 2,11,1,1,10
527,SLC28A2,Cluster 1448,2,Component 190,1,0,1,1
528,SYT4,Cluster 4597,1,Component 191,0,0,1,0
529,CCR5,Cluster 2,70,Component 2,17,0,1,17
530,POMGNT2,Cluster 516,4,Component 2,1,0,1,1
531,RRH,Cluster 4596,1,Component 192,0,0,1,0
532,SEMA6D,Cluster 4595,1,Component 193,0,0,1,0
533,DPH1,Cluster 1447,2,Component 2,1,0,1,1
534,SOD1,Cluster 139,9,Component 2,14,1,1,13
535,ENSG00000249141,Cluster 4594,1,Component 194,0,0,1,0
536,LIG3,Cluster 841,3,Component 2,5,0,1,5
537,PDLIM5,Cluster 4593,1,Component 195,0,0,1,0
538,SMARCE1,Cluster 840,3,Component 2,4,0,1,4
539,RPAP2,Cluster 860,3,Component 2,1,1,1,0
540,PURG,Cluster 1446,2,Component 196,1,0,1,1
541,SEPTIN1,Cluster 529,4,Component 2,6,1,1,5
542,CSF3R,Cluster 18,30,Component 2,24,1,1,23
543,TECR,Cluster 250,6,Component 2,4,1,1,3
544,SCAMP1,Cluster 839,3,Component 2,7,1,1,6
545,NEO1,Cluster 4592,1,Component 197,0,0,1,0
546,SNX27,Cluster 259,6,Component 2,6,0,1,6
547,KRT84,Cluster 4591,1,Component 198,0,0,1,0
548,SCAF4,Cluster 102,11,Component 2,8,0,1,8
549,HSD3B1,Cluster 1445,2,Component 2,3,0,1,3
550,HEXA,Cluster 249,6,Component 2,5,0,1,5
551,OGFR,Cluster 35,24,Component 2,5,1,1,4
552,TBC1D10C,Cluster 248,6,Component 2,10,1,1,9
553,LARGE2,Cluster 4590,1,Component 199,0,0,1,0
554,PITX1,Cluster 4589,1,Component 200,0,0,1,0
555,ACSM1,Cluster 4588,1,Component 201,0,0,1,0
556,NAALADL1,Cluster 4587,1,Component 202,0,0,1,0
557,MPZL3,Cluster 1444,2,Component 203,1,0,1,1
558,TMEM179,Cluster 4586,1,Component 204,0,0,1,0
559,TMEM89,Cluster 4585,1,Component 205,0,0,1,0
560,SCAF11,Cluster 4584,1,Component 2,12,1,1,11
561,ADGRA3,Cluster 4583,1,Component 206,0,0,1,0
562,TASL,Cluster 23,28,Component 2,10,0,1,10
563,REEP3,Cluster 4582,1,Component 207,0,0,1,0
564,LYSET,Cluster 1443,2,Component 2,10,0,1,10
565,EXOSC4,Cluster 33,24,Component 2,23,0,1,23
566,CRABP2,Cluster 115,10,Component 2,1,0,1,1
567,TCP1,Cluster 4581,1,Component 208,0,0,1,0
568,CRP,Cluster 4580,1,Component 209,0,0,1,0
569,DPH5,Cluster 838,3,Component 2,12,0,1,12
570,ATIC,Cluster 837,3,Component 2,6,0,1,6
571,TRIM28,Cluster 880,3,Component 2,12,1,1,11
572,KDSR,Cluster 25,26,Component 2,4,0,1,4
573,POLR1H,Cluster 854,3,Component 2,3,1,1,2
574,DNMT3A,Cluster 1442,2,Component 210,1,0,1,1
575,CRELD1,Cluster 522,4,Component 2,2,0,1,2
576,LZTR1,Cluster 138,9,Component 2,11,0,1,11
577,TIMP4,Cluster 48,19,Component 2,8,0,1,8
578,MKX,Cluster 4579,1,Component 211,0,0,1,0
579,DHRS3,Cluster 1441,2,Component 2,1,0,1,1
580,DOCK8,Cluster 1440,2,Component 2,2,0,1,2
581,FLAD1,Cluster 12,34,Component 2,21,1,1,20
582,KLHL35,Cluster 4578,1,Component 212,0,0,1,0
583,PCYT2,Cluster 42,21,Component 2,5,0,1,5
584,ALPK1,Cluster 23,28,Component 2,9,1,1,8
585,CTHRC1,Cluster 16,30,Component 2,1,0,1,1
586,C7orf57,Cluster 4577,1,Component 213,0,0,1,0
587,WFDC5,Cluster 4576,1,Component 214,0,0,1,0
588,LAMC2,Cluster 836,3,Component 2,2,0,1,2
589,BAG6,Cluster 67,15,Component 2,15,1,1,14
590,ABHD17A,Cluster 73,14,Component 2,10,2,1,8
591,CD82,Cluster 835,3,Component 2,2,0,1,2
592,GPA33,Cluster 4575,1,Component 215,0,0,1,0
593,PDE6C,Cluster 4574,1,Component 216,0,0,1,0
594,INO80C,Cluster 1439,2,Component 2,2,0,1,2
595,NPIPA1,Cluster 515,4,Component 2,12,1,1,11
596,YAE1,Cluster 834,3,Component 2,3,0,1,3
597,CUSTOS,Cluster 66,15,Component 2,6,0,1,6
598,TGIF2,Cluster 1438,2,Component 2,3,0,1,3
599,ORMDL2,Cluster 193,7,Component 2,5,0,1,5
600,LMAN1,Cluster 833,3,Component 2,11,1,1,10
601,DTD2,Cluster 514,4,Component 2,4,0,1,4
602,HNRNPL,Cluster 513,4,Component 2,9,0,1,9
603,GPM6A,Cluster 512,4,Component 2,2,0,1,2
604,FZR1,Cluster 832,3,Component 2,6,1,1,5
605,ICOS,Cluster 2,70,Component 2,16,0,1,16
606,MMP12,Cluster 511,4,Component 2,7,0,1,7
607,SUPT20H,Cluster 17,30,Component 2,12,0,1,12
608,PRSS3,Cluster 1437,2,Component 2,1,0,1,1
609,TAP1,Cluster 11,34,Component 2,81,6,1,75
610,SI,Cluster 4573,1,Component 217,0,0,1,0
611,CSNK2A1,Cluster 20,29,Component 2,24,1,1,23
612,RFESD,Cluster 510,4,Component 2,1,0,1,1
613,PROZ,Cluster 831,3,Component 2,2,0,1,2
614,IL15,Cluster 11,34,Component 2,12,0,1,12
615,LSM11,Cluster 1436,2,Component 2,1,0,1,1
616,MYL1,Cluster 74,14,Component 2,9,1,1,8
617,GLT6D1,Cluster 4572,1,Component 218,0,0,1,0
618,QKI,Cluster 4571,1,Component 219,0,0,1,0
619,SOCS2,Cluster 509,4,Component 220,1,0,1,1
620,ALKAL2,Cluster 4570,1,Component 221,0,0,1,0
621,UCHL3,Cluster 4569,1,Component 2,13,3,1,10
622,SH3GL2,Cluster 4568,1,Component 222,0,0,1,0
623,ID3,Cluster 508,4,Component 2,4,0,1,4
624,NOTCH2NLA,Cluster 102,11,Component 2,15,2,1,13
625,LAMTOR3,Cluster 247,6,Component 2,15,1,1,14
626,LY75,Cluster 4567,1,Component 223,0,0,1,0
627,ETFDH,Cluster 359,5,Component 2,4,1,1,3
628,RPS26,Cluster 34,24,Component 2,1,0,1,1
629,HPGD,Cluster 4566,1,Component 224,0,0,1,0
630,HOXD11,Cluster 246,6,Component 2,3,0,1,3
631,SLC44A3,Cluster 4565,1,Component 225,0,0,1,0
632,CHAF1A,Cluster 44,20,Component 2,25,2,1,23
633,DAP3,Cluster 12,34,Component 2,7,0,1,7
634,IL15RA,Cluster 830,3,Component 2,12,2,1,10
635,NF1,Cluster 507,4,Component 2,3,0,1,3
636,HACD4,Cluster 4564,1,Component 226,0,0,1,0
637,MTIF2,Cluster 1435,2,Component 2,6,0,1,6
638,PALLD,Cluster 363,5,Component 2,2,0,1,2
639,OR8D1,Cluster 4563,1,Component 227,0,0,1,0
640,G0S2,Cluster 48,19,Component 2,20,0,1,20
641,FKBP4,Cluster 101,11,Component 2,10,0,1,10
642,COL3A1,Cluster 16,30,Component 2,28,0,1,28
643,BBIP1,Cluster 1434,2,Component 2,2,0,1,2
644,CYP3A5,Cluster 355,5,Component 2,3,0,1,3
645,NR4A1,Cluster 7,39,Component 2,27,1,1,26
646,ESRRG,Cluster 1433,2,Component 2,1,0,1,1
647,FAM131A,Cluster 342,5,Component 2,2,0,1,2
648,MFSD6,Cluster 4562,1,Component 228,0,0,1,0
649,AAR2,Cluster 81,13,Component 2,12,2,1,10
650,CCDC177,Cluster 4561,1,Component 229,0,0,1,0
651,TLE3,Cluster 829,3,Component 2,1,0,1,1
652,ITIH2,Cluster 4560,1,Component 230,0,0,1,0
653,NSDHL,Cluster 22,29,Component 2,28,1,1,27
654,MNDA,Cluster 167,8,Component 2,38,3,1,35
655,ABCC1,Cluster 56,17,Component 2,1,0,1,1
656,CHRNB4,Cluster 4559,1,Component 231,0,0,1,0
657,SLC5A6,Cluster 341,5,Component 2,3,0,1,3
658,TUT1,Cluster 4558,1,Component 232,0,0,1,0
659,AP4B1,Cluster 4557,1,Component 233,0,0,1,0
660,FOXJ2,Cluster 828,3,Component 2,1,0,1,1
661,LY6G6C,Cluster 4556,1,Component 234,0,0,1,0
662,NPM2,Cluster 838,3,Component 2,1,0,1,1
663,TAF2,Cluster 60,16,Component 2,34,2,1,32
664,RNF7,Cluster 506,4,Component 2,2,0,1,2
665,ITM2B,Cluster 1432,2,Component 2,9,0,1,9
666,USP12,Cluster 137,9,Component 2,7,1,1,6
667,LONRF3,Cluster 4555,1,Component 235,0,0,1,0
668,BDH1,Cluster 1431,2,Component 2,1,0,1,1
669,KYNU,Cluster 827,3,Component 2,4,0,1,4
670,PGK1,Cluster 192,7,Component 2,29,2,1,27
671,SLFN12L,Cluster 4554,1,Component 236,0,0,1,0
672,SZRD1,Cluster 77,13,Component 2,7,0,1,7
673,HLF,Cluster 826,3,Component 2,1,0,1,1
674,UBTD1,Cluster 4553,1,Component 237,0,0,1,0
675,NEPRO,Cluster 532,4,Component 2,2,1,1,1
676,FASN,Cluster 42,21,Component 2,3,1,1,2
677,FBXO9,Cluster 825,3,Component 2,2,0,1,2
678,KIAA1522,Cluster 4552,1,Component 238,0,0,1,0
679,AXIN1,Cluster 824,3,Component 2,8,0,1,8
680,CDH11,Cluster 16,30,Component 2,11,1,1,10
681,NAGPA,Cluster 1430,2,Component 2,5,1,1,4
682,PUS7,Cluster 543,4,Component 2,12,1,1,11
683,TFAP2E,Cluster 4551,1,Component 239,0,0,1,0
684,MRPS2,Cluster 13,33,Component 2,12,0,1,12
685,PODNL1,Cluster 23,28,Component 2,20,2,1,18
686,COMMD9,Cluster 1430,2,Component 2,4,1,1,3
687,MRPS33,Cluster 4550,1,Component 2,17,1,1,16
688,SLC26A10P,Cluster 1429,2,Component 240,1,0,1,1
689,OR5F1,Cluster 4549,1,Component 241,0,0,1,0
690,ASB1,Cluster 4548,1,Component 242,0,0,1,0
691,SEC24A,Cluster 4547,1,Component 2,9,0,1,9
692,TBC1D17,Cluster 1428,2,Component 2,3,0,1,3
693,GPLD1,Cluster 1427,2,Component 243,1,0,1,1
694,MFSD10,Cluster 119,10,Component 2,7,0,1,7
695,PSG11,Cluster 4546,1,Component 244,0,0,1,0
696,IL24,Cluster 511,4,Component 2,1,0,1,1
697,MMP26,Cluster 4545,1,Component 245,0,0,1,0
698,HLA-DMB,Cluster 90,12,Component 2,18,0,1,18
699,PGAP6,Cluster 47,19,Component 2,4,0,1,4
700,TMCO6,Cluster 340,5,Component 2,1,0,1,1
701,COPE,Cluster 72,14,Component 2,11,0,1,11
702,NHERF1,Cluster 145,9,Component 2,1,1,1,0
703,BGN,Cluster 16,30,Component 2,16,0,1,16
704,AGO1,Cluster 823,3,Component 2,2,0,1,2
705,TIA1,Cluster 362,5,Component 2,13,3,1,10
706,NDEL1,Cluster 1426,2,Component 2,2,0,1,2
707,YTHDC2,Cluster 339,5,Component 2,11,1,1,10
708,FKBP6,Cluster 4544,1,Component 246,0,0,1,0
709,CAMK1G,Cluster 347,5,Component 2,5,1,1,4
710,DHX58,Cluster 3,64,Component 2,42,4,1,38
711,DNAH2,Cluster 4543,1,Component 247,0,0,1,0
712,TESMIN,Cluster 4542,1,Component 248,0,0,1,0
713,GPR15LG,Cluster 4541,1,Component 249,0,0,1,0
714,ERN1,Cluster 1425,2,Component 2,5,0,1,5
715,KRT38,Cluster 4540,1,Component 250,0,0,1,0
716,RCVRN,Cluster 4539,1,Component 251,0,0,1,0
717,SOX18,Cluster 106,11,Component 2,5,0,1,5
718,NAXD,Cluster 40,22,Component 2,15,0,1,15
719,SPATA21,Cluster 4538,1,Component 252,0,0,1,0
720,TRHR,Cluster 1424,2,Component 253,1,0,1,1
721,SP5,Cluster 872,3,Component 52,1,1,1,0
722,UCN,Cluster 4537,1,Component 254,0,0,1,0
723,SMIM10L1,Cluster 101,11,Component 2,4,0,1,4
724,RAD51D,Cluster 841,3,Component 2,3,1,1,2
725,KRT13,Cluster 1423,2,Component 2,5,2,1,3
726,TAFA1,Cluster 4536,1,Component 255,0,0,1,0
727,DPCD,Cluster 822,3,Component 2,6,1,1,5
728,BHLHE22,Cluster 4535,1,Component 256,0,0,1,0
729,EPHA4,Cluster 4534,1,Component 257,0,0,1,0
730,TNRC6B,Cluster 4533,1,Component 2,11,1,1,10
731,DGKB,Cluster 4532,1,Component 258,0,0,1,0
732,NOD1,Cluster 821,3,Component 2,1,0,1,1
733,NLRP13,Cluster 4531,1,Component 259,0,0,1,0
734,MFAP3,Cluster 165,8,Component 2,3,0,1,3
735,NECAP1,Cluster 828,3,Component 2,7,1,1,6
736,USP8,Cluster 24,27,Component 2,25,0,1,25
737,NUP62CL,Cluster 820,3,Component 2,2,0,1,2
738,TMCC2,Cluster 4530,1,Component 260,0,0,1,0
739,ALKBH4,Cluster 55,17,Component 2,1,0,1,1
740,EMC1,Cluster 77,13,Component 2,7,0,1,7
741,SYN2,Cluster 819,3,Component 261,2,0,1,2
742,MMRN2,Cluster 106,11,Component 2,18,1,1,17
743,FXR1,Cluster 201,7,Component 2,8,1,1,7
744,ASTE1,Cluster 252,6,Component 2,2,0,1,2
745,AGRP,Cluster 1422,2,Component 2,2,0,1,2
746,CSRP3,Cluster 74,14,Component 2,6,1,1,5
747,FANCG,Cluster 28,26,Component 2,11,1,1,10
748,LCE2B,Cluster 4529,1,Component 262,0,0,1,0
749,ALOX15B,Cluster 4528,1,Component 263,0,0,1,0
750,PBX1,Cluster 1421,2,Component 2,2,1,1,1
751,UBE2N,Cluster 255,6,Component 2,20,1,1,19
752,RLBP1,Cluster 4527,1,Component 264,0,0,1,0
753,FBXL5,Cluster 338,5,Component 2,3,0,1,3
754,RNF19A,Cluster 1420,2,Component 265,1,0,1,1
755,MAGEB2,Cluster 144,9,Component 2,4,1,1,3
756,PRM2,Cluster 4526,1,Component 266,0,0,1,0
757,RARS1,Cluster 114,10,Component 2,8,0,1,8
758,BCHE,Cluster 4525,1,Component 267,0,0,1,0
759,BTK,Cluster 4524,1,Component 2,5,0,1,5
760,ASAP2,Cluster 4523,1,Component 268,0,0,1,0
761,DCTPP1,Cluster 52,18,Component 2,4,0,1,4
762,COQ2,Cluster 337,5,Component 2,7,1,1,6
763,MSRB2,Cluster 1482,2,Component 2,2,1,1,1
764,SUCLA2,Cluster 17,30,Component 2,26,0,1,26
765,C4orf48,Cluster 4522,1,Component 269,0,0,1,0
766,PRR20A,Cluster 4521,1,Component 270,0,0,1,0
767,VPS33B,Cluster 4520,1,Component 2,8,1,1,7
768,GABRA4,Cluster 4519,1,Component 271,0,0,1,0
769,WAPL,Cluster 505,4,Component 2,13,1,1,12
770,PRPSAP1,Cluster 104,11,Component 2,7,0,1,7
771,COIL,Cluster 14,32,Component 2,17,0,1,17
772,KCNMA1,Cluster 4518,1,Component 272,0,0,1,0
773,ST8SIA5,Cluster 4517,1,Component 273,0,0,1,0
774,PLA1A,Cluster 4516,1,Component 274,0,0,1,0
775,LRRTM4,Cluster 4515,1,Component 275,0,0,1,0
776,ABITRAM,Cluster 203,7,Component 2,5,0,1,5
777,SUN1,Cluster 83,13,Component 2,3,1,1,2
778,C9,Cluster 4514,1,Component 276,0,0,1,0
779,NCAPH2,Cluster 113,10,Component 2,1,0,1,1
780,BTBD10,Cluster 818,3,Component 2,1,0,1,1
781,HNF1B,Cluster 136,9,Component 2,10,0,1,10
782,MYO9B,Cluster 817,3,Component 2,7,0,1,7
783,MAB21L1,Cluster 816,3,Component 277,1,0,1,1
784,VSX2,Cluster 336,5,Component 2,2,0,1,2
785,TMC5,Cluster 4513,1,Component 278,0,0,1,0
786,TM7SF2,Cluster 30,25,Component 2,1,0,1,1
787,MARCHF5,Cluster 505,4,Component 2,7,2,1,5
788,HSD17B8,Cluster 504,4,Component 2,2,0,1,2
789,KIAA1549,Cluster 1419,2,Component 279,1,0,1,1
790,LDB1,Cluster 1418,2,Component 2,1,0,1,1
791,SPTY2D1,Cluster 135,9,Component 2,2,0,1,2
792,MPZ,Cluster 335,5,Component 2,1,0,1,1
793,CYP11A1,Cluster 334,5,Component 2,2,0,1,2
794,TCTN1,Cluster 503,4,Component 2,2,0,1,2
795,DEPDC5,Cluster 1417,2,Component 2,3,0,1,3
796,PHF5A,Cluster 4512,1,Component 2,6,0,1,6
797,SEC62,Cluster 1416,2,Component 2,1,0,1,1
798,FOXI1,Cluster 1415,2,Component 280,1,0,1,1
799,USP16,Cluster 245,6,Component 2,11,1,1,10
800,TSPAN13,Cluster 502,4,Component 2,1,0,1,1
801,ENSG00000280433,Cluster 102,11,Component 2,1,0,1,1
802,FKBP5,Cluster 815,3,Component 2,5,0,1,5
803,OTOG,Cluster 4511,1,Component 281,0,0,1,0
804,CYBA,Cluster 27,26,Component 2,6,0,1,6
805,CUL7,Cluster 501,4,Component 2,7,1,1,6
806,CLEC1A,Cluster 814,3,Component 2,1,0,1,1
807,DOC2B,Cluster 4510,1,Component 282,0,0,1,0
808,LRRC8E,Cluster 4509,1,Component 283,0,0,1,0
809,ABCC12,Cluster 4508,1,Component 284,0,0,1,0
810,BCL2L15,Cluster 4507,1,Component 285,0,0,1,0
811,DOC2A,Cluster 4506,1,Component 286,0,0,1,0
812,TNFAIP3,Cluster 134,9,Component 2,40,1,1,39
813,MLH3,Cluster 343,5,Component 2,7,2,1,5
814,PRPSAP2,Cluster 256,6,Component 2,11,0,1,11
815,ODF3,Cluster 4505,1,Component 287,0,0,1,0
816,GLYR1,Cluster 4504,1,Component 288,0,0,1,0
817,SPHK1,Cluster 4503,1,Component 2,5,0,1,5
818,MUS81,Cluster 358,5,Component 2,31,2,1,29
819,CNBD1,Cluster 4502,1,Component 289,0,0,1,0
820,HDAC9,Cluster 4501,1,Component 290,0,0,1,0
821,RETSAT,Cluster 4500,1,Component 291,0,0,1,0
822,TOP2A,Cluster 1,96,Component 2,72,7,1,65
823,FGB,Cluster 244,6,Component 2,2,0,1,2
824,TNNC2,Cluster 74,14,Component 2,6,2,1,4
825,REEP1,Cluster 4499,1,Component 292,0,0,1,0
826,PPP1R3B,Cluster 4498,1,Component 293,0,0,1,0
827,CEMP1,Cluster 4497,1,Component 294,0,0,1,0
828,PDPR,Cluster 1414,2,Component 2,3,0,1,3
829,TRIM33,Cluster 243,6,Component 2,8,0,1,8
830,PGM3,Cluster 500,4,Component 2,15,0,1,15
831,SNRNP27,Cluster 499,4,Component 2,4,0,1,4
832,AP5B1,Cluster 4496,1,Component 295,0,0,1,0
833,SCCPDH,Cluster 31,25,Component 2,1,0,1,1
834,PCGF1,Cluster 813,3,Component 2,3,0,1,3
835,CMTR2,Cluster 333,5,Component 2,2,0,1,2
836,TMX2,Cluster 4495,1,Component 2,11,1,1,10
837,NECAP2,Cluster 828,3,Component 2,2,1,1,1
838,EFNA1,Cluster 498,4,Component 2,1,0,1,1
839,KIN,Cluster 63,16,Component 2,7,2,1,5
840,DLST,Cluster 4494,1,Component 2,11,2,1,9
841,RELB,Cluster 497,4,Component 2,12,1,1,11
842,MYOM1,Cluster 4493,1,Component 296,0,0,1,0
843,PLN,Cluster 65,15,Component 2,7,0,1,7
844,YJU2,Cluster 4492,1,Component 2,10,1,1,9
845,TSNAX,Cluster 31,25,Component 2,21,2,1,19
846,NKG7,Cluster 2,70,Component 2,31,1,1,30
847,DRG1,Cluster 21,29,Component 2,26,1,1,25
848,DISC1,Cluster 4491,1,Component 297,0,0,1,0
849,PSPH,Cluster 242,6,Component 2,8,0,1,8
850,SKP1,Cluster 496,4,Component 2,17,1,1,16
851,NELL2,Cluster 812,3,Component 2,4,0,1,4
852,RNPS1,Cluster 52,18,Component 2,9,1,1,8
853,EPC2,Cluster 4490,1,Component 298,0,0,1,0
854,CD47,Cluster 1413,2,Component 2,2,0,1,2
855,CNGA1,Cluster 4489,1,Component 299,0,0,1,0
856,CCR3,Cluster 164,8,Component 2,1,0,1,1
857,NSF,Cluster 23,28,Component 2,2,1,1,1
858,POP5,Cluster 66,15,Component 2,8,1,1,7
859,ACBD4,Cluster 4488,1,Component 300,0,0,1,0
860,GYG2,Cluster 48,19,Component 2,5,0,1,5
861,STX11,Cluster 1412,2,Component 2,2,0,1,2
862,TMEM33,Cluster 191,7,Component 2,8,0,1,8
863,HGF,Cluster 16,30,Component 2,1,0,1,1
864,KLHL6,Cluster 4487,1,Component 301,0,0,1,0
865,AP3S1,Cluster 811,3,Component 2,3,0,1,3
866,IGLL5,Cluster 26,26,Component 2,22,1,1,21
867,NANOS3,Cluster 810,3,Component 302,2,0,1,2
868,EIF2D,Cluster 495,4,Component 2,10,2,1,8
869,TADA3,Cluster 522,4,Component 2,3,1,1,2
870,BCCIP,Cluster 190,7,Component 2,2,0,1,2
871,FATE1,Cluster 494,4,Component 2,1,0,1,1
872,CD36,Cluster 48,19,Component 2,9,1,1,8
873,TYW1,Cluster 169,8,Component 2,2,0,1,2
874,LMBR1L,Cluster 4486,1,Component 303,0,0,1,0
875,ATPSCKMT,Cluster 38,22,Component 2,5,0,1,5
876,NKRF,Cluster 1411,2,Component 2,5,0,1,5
877,MRPL21,Cluster 493,4,Component 2,1,0,1,1
878,SERPINB4,Cluster 171,8,Component 2,4,0,1,4
879,YKT6,Cluster 332,5,Component 2,9,0,1,9
880,CHRNB1,Cluster 4485,1,Component 304,0,0,1,0
881,REV3L,Cluster 241,6,Component 2,12,2,1,10
882,TTC38,Cluster 4484,1,Component 305,0,0,1,0
883,ANKHD1,Cluster 331,5,Component 2,2,0,1,2
884,CFAP126,Cluster 4483,1,Component 306,0,0,1,0
885,ATP6V0B,Cluster 140,9,Component 2,5,0,1,5
886,PRR29,Cluster 4482,1,Component 307,0,0,1,0
887,CRYBG1,Cluster 49,19,Component 2,2,0,1,2
888,WDR72,Cluster 4481,1,Component 308,0,0,1,0
889,SYVN1,Cluster 4480,1,Component 2,7,0,1,7
890,NLRC5,Cluster 11,34,Component 2,24,1,1,23
891,CARTPT,Cluster 4479,1,Component 309,0,0,1,0
892,MUSK,Cluster 4478,1,Component 310,0,0,1,0
893,CCL21,Cluster 492,4,Component 2,4,0,1,4
894,RAB3IP,Cluster 1410,2,Component 311,1,0,1,1
895,STK3,Cluster 5,52,Component 2,17,1,1,16
896,LPO,Cluster 4477,1,Component 312,0,0,1,0
897,CST7,Cluster 2,70,Component 2,15,1,1,14
898,PPDPF,Cluster 330,5,Component 2,2,0,1,2
899,MAP3K20,Cluster 809,3,Component 313,1,0,1,1
900,ZNF74,Cluster 1409,2,Component 2,2,0,1,2
901,DHX38,Cluster 79,13,Component 2,13,2,1,11
902,UBTF,Cluster 808,3,Component 2,2,0,1,2
903,SEC31B,Cluster 329,5,Component 2,5,0,1,5
904,NTAQ1,Cluster 60,16,Component 2,14,1,1,13
905,METTL9,Cluster 240,6,Component 2,4,0,1,4
906,ALOX12,Cluster 46,19,Component 2,8,0,1,8
907,CACNB4,Cluster 4476,1,Component 314,0,0,1,0
908,DMRTB1,Cluster 4475,1,Component 315,0,0,1,0
909,MTM1,Cluster 50,18,Component 2,4,0,1,4
910,MAB21L3,Cluster 4474,1,Component 316,0,0,1,0
911,IL36A,Cluster 4473,1,Component 317,0,0,1,0
912,KIAA1143,Cluster 4472,1,Component 318,0,0,1,0
913,ADAM2,Cluster 4471,1,Component 319,0,0,1,0
914,PDK1,Cluster 192,7,Component 2,5,1,1,4
915,LIPI,Cluster 4470,1,Component 320,0,0,1,0
916,TOP6BL,Cluster 1408,2,Component 2,2,0,1,2
917,IFFO1,Cluster 491,4,Component 2,1,0,1,1
918,INTS13,Cluster 490,4,Component 2,8,0,1,8
919,ZNF500,Cluster 239,6,Component 2,11,1,1,10
920,NTN4,Cluster 4469,1,Component 321,0,0,1,0
921,NDC1,Cluster 489,4,Component 2,3,0,1,3
922,SUOX,Cluster 488,4,Component 2,1,0,1,1
923,SEPTIN4,Cluster 4468,1,Component 322,0,0,1,0
924,OTULIN,Cluster 1407,2,Component 2,5,0,1,5
925,NDUFB2,Cluster 4467,1,Component 2,34,1,1,33
926,GATD1,Cluster 487,4,Component 2,3,0,1,3
927,KANSL1,Cluster 4466,1,Component 2,8,3,1,5
928,MTCH2,Cluster 493,4,Component 2,8,0,1,8
929,TDRD5,Cluster 4465,1,Component 323,0,0,1,0
930,COLEC12,Cluster 1406,2,Component 2,1,0,1,1
931,RBM48,Cluster 41,21,Component 2,5,0,1,5
932,DYNLT2B,Cluster 4464,1,Component 324,0,0,1,0
933,GATA2,Cluster 100,11,Component 2,4,0,1,4
934,CXCL8,Cluster 76,13,Component 2,33,4,1,29
935,PPP1R3G,Cluster 4463,1,Component 325,0,0,1,0
936,MIEN1,Cluster 163,8,Component 2,5,0,1,5
937,IFI30,Cluster 4462,1,Component 326,0,0,1,0
938,KLHL34,Cluster 4461,1,Component 327,0,0,1,0
939,CDX4,Cluster 1405,2,Component 328,1,0,1,1
940,TFCP2L1,Cluster 4460,1,Component 329,0,0,1,0
941,EFNB2,Cluster 1404,2,Component 2,1,0,1,1
942,SLC14A2,Cluster 807,3,Component 330,1,0,1,1
943,PAPSS1,Cluster 4459,1,Component 331,0,0,1,0
944,XYLT1,Cluster 4458,1,Component 332,0,0,1,0
945,RPGR,Cluster 4457,1,Component 333,0,0,1,0
946,ANKRD31,Cluster 4456,1,Component 334,0,0,1,0
947,CC2D1A,Cluster 250,6,Component 2,3,1,1,2
948,SCRN3,Cluster 1403,2,Component 2,2,0,1,2
949,CIBAR2,Cluster 4455,1,Component 335,0,0,1,0
950,TRIAP1,Cluster 66,15,Component 2,7,1,1,6
951,SLC35E3,Cluster 53,18,Component 2,4,0,1,4
952,CCDC167,Cluster 4454,1,Component 336,0,0,1,0
953,DDX49,Cluster 72,14,Component 2,20,2,1,18
954,CFAP300,Cluster 4453,1,Component 337,0,0,1,0
955,PADI1,Cluster 4452,1,Component 338,0,0,1,0
956,CD8A,Cluster 2,70,Component 2,48,5,1,43
957,NDN,Cluster 4451,1,Component 339,0,0,1,0
958,PDGFD,Cluster 4450,1,Component 340,0,0,1,0
959,ENPP4,Cluster 4449,1,Component 341,0,0,1,0
960,REXO1,Cluster 851,3,Component 2,2,1,1,1
961,GAS2L1,Cluster 486,4,Component 2,3,0,1,3
962,PPIE,Cluster 1402,2,Component 2,12,0,1,12
963,SCNN1G,Cluster 1401,2,Component 342,1,0,1,1
964,KRT72,Cluster 1449,2,Component 188,1,1,1,0
965,LDLRAP1,Cluster 485,4,Component 2,2,0,1,2
966,FLG2,Cluster 189,7,Component 2,1,0,1,1
967,TSPAN1,Cluster 4448,1,Component 343,0,0,1,0
968,SIN3B,Cluster 4447,1,Component 2,7,1,1,6
969,NCBP2,Cluster 121,10,Component 2,13,2,1,11
970,TGFBI,Cluster 16,30,Component 2,4,0,1,4
971,GPHB5,Cluster 4446,1,Component 344,0,0,1,0
972,HTR1B,Cluster 1400,2,Component 2,2,0,1,2
973,PNPO,Cluster 162,8,Component 2,3,0,1,3
974,FANK1,Cluster 4445,1,Component 345,0,0,1,0
975,HTR1E,Cluster 4444,1,Component 346,0,0,1,0
976,RECQL5,Cluster 238,6,Component 2,2,0,1,2
977,PRRC1,Cluster 4443,1,Component 2,9,2,1,7
978,RCC1L,Cluster 169,8,Component 2,5,0,1,5
979,OGG1,Cluster 47,19,Component 2,1,0,1,1
980,MYL5,Cluster 4442,1,Component 347,0,0,1,0
981,BTBD2,Cluster 484,4,Component 2,13,1,1,12
982,MEPCE,Cluster 55,17,Component 2,6,0,1,6
983,MAPK8,Cluster 1399,2,Component 2,11,1,1,10
984,MSL2,Cluster 99,11,Component 2,5,0,1,5
985,OR7C2,Cluster 4441,1,Component 348,0,0,1,0
986,IP6K1,Cluster 188,7,Component 2,8,0,1,8
987,EMC7,Cluster 806,3,Component 2,11,0,1,11
988,SNAPC5,Cluster 142,9,Component 2,3,0,1,3
989,PLEKHO2,Cluster 328,5,Component 2,1,0,1,1
990,SEC23A,Cluster 98,11,Component 2,7,0,1,7
991,TENM1,Cluster 4440,1,Component 349,0,0,1,0
992,PRPS2,Cluster 205,7,Component 2,6,2,1,4
993,BMF,Cluster 237,6,Component 2,1,0,1,1
994,MYO7A,Cluster 4439,1,Component 350,0,0,1,0
995,CTDNEP1,Cluster 6,45,Component 2,12,0,1,12
996,ZNF653,Cluster 4438,1,Component 351,0,0,1,0
997,HOXC9,Cluster 327,5,Component 352,4,0,1,4
998,USP51,Cluster 326,5,Component 2,1,0,1,1
999,CEP76,Cluster 37,22,Component 2,9,0,1,9
1000,XAGE3,Cluster 4437,1,Component 353,0,0,1,0
1001,POGLUT3,Cluster 4436,1,Component 354,0,0,1,0
1002,FLACC1,Cluster 1398,2,Component 355,1,0,1,1
1003,CCDC121,Cluster 1397,2,Component 356,1,0,1,1
1004,PHB1,Cluster 162,8,Component 2,19,2,1,17
1005,HEPACAM2,Cluster 4435,1,Component 357,0,0,1,0
1006,P2RX1,Cluster 4434,1,Component 358,0,0,1,0
1007,ELANE,Cluster 19,29,Component 2,19,0,1,19
1008,POLR1A,Cluster 483,4,Component 2,2,0,1,2
1009,MKRN1,Cluster 1396,2,Component 2,10,1,1,9
1010,EID1,Cluster 482,4,Component 2,6,0,1,6
1011,MAPT,Cluster 873,3,Component 2,1,1,1,0
1012,FOXP4,Cluster 4433,1,Component 359,0,0,1,0
1013,NDUFS6,Cluster 112,10,Component 2,21,0,1,21
1014,FZD4,Cluster 1395,2,Component 360,1,0,1,1
1015,DCDC2B,Cluster 4432,1,Component 361,0,0,1,0
1016,RAD50,Cluster 4431,1,Component 2,7,2,1,5
1017,SCLT1,Cluster 4430,1,Component 362,0,0,1,0
1018,SART1,Cluster 108,11,Component 2,5,0,1,5
1019,SYNGR4,Cluster 4429,1,Component 363,0,0,1,0
1020,SLCO2B1,Cluster 8,37,Component 2,15,2,1,13
1021,AGFG1,Cluster 494,4,Component 2,2,0,1,2
1022,ALKBH7,Cluster 325,5,Component 2,7,2,1,5
1023,EMC6,Cluster 6,45,Component 2,27,1,1,26
1024,SAMD13,Cluster 4428,1,Component 364,0,0,1,0
1025,ATAD2B,Cluster 362,5,Component 2,1,1,1,0
1026,TXNL1,Cluster 25,26,Component 2,22,1,1,21
1027,DIS3,Cluster 187,7,Component 2,15,3,1,12
1028,DPYSL2,Cluster 1394,2,Component 2,3,0,1,3
1029,CCL11,Cluster 805,3,Component 2,1,0,1,1
1030,SVIP,Cluster 4427,1,Component 365,0,0,1,0
1031,RNASE2,Cluster 164,8,Component 2,10,1,1,9
1032,PRRG3,Cluster 4426,1,Component 366,0,0,1,0
1033,AVPI1,Cluster 1393,2,Component 2,1,0,1,1
1034,CRYGB,Cluster 4425,1,Component 367,0,0,1,0
1035,DPYSL3,Cluster 4424,1,Component 368,0,0,1,0
1036,CEPT1,Cluster 1392,2,Component 2,6,0,1,6
1037,MYO5C,Cluster 4423,1,Component 369,0,0,1,0
1038,IMPA1,Cluster 5,52,Component 2,20,1,1,19
1039,HRC,Cluster 804,3,Component 370,1,0,1,1
1040,BACE1,Cluster 1391,2,Component 2,2,0,1,2
1041,NBDY,Cluster 71,14,Component 2,2,0,1,2
1042,MAN2A1,Cluster 1390,2,Component 2,6,2,1,4
1043,IL11RA,Cluster 324,5,Component 2,3,1,1,2
1044,STXBP3,Cluster 243,6,Component 2,9,2,1,7
1045,HPD,Cluster 4422,1,Component 371,0,0,1,0
1046,C5,Cluster 1389,2,Component 2,1,0,1,1
1047,CLMN,Cluster 4421,1,Component 372,0,0,1,0
1048,XYLT2,Cluster 481,4,Component 2,1,0,1,1
1049,TSHB,Cluster 323,5,Component 2,2,0,1,2
1050,MMP24,Cluster 4420,1,Component 373,0,0,1,0
1051,TNFRSF10A,Cluster 9,36,Component 2,5,0,1,5
1052,QSER1,Cluster 236,6,Component 2,4,0,1,4
1053,PLEKHN1,Cluster 4419,1,Component 374,0,0,1,0
1054,EYA3,Cluster 4418,1,Component 375,0,0,1,0
1055,PRPF6,Cluster 35,24,Component 2,14,0,1,14
1056,DNAH9,Cluster 4417,1,Component 376,0,0,1,0
1057,PCGF5,Cluster 4416,1,Component 377,0,0,1,0
1058,STAT1,Cluster 3,64,Component 2,79,6,1,73
1059,MRPL49,Cluster 322,5,Component 2,7,1,1,6
1060,TTC30A,Cluster 1388,2,Component 378,1,0,1,1
1061,DACH1,Cluster 4415,1,Component 379,0,0,1,0
1062,SCLY,Cluster 4414,1,Component 380,0,0,1,0
1063,SCGB1A1,Cluster 4413,1,Component 381,0,0,1,0
1064,IL4,Cluster 1387,2,Component 2,2,0,1,2
1065,RPL36AL,Cluster 4412,1,Component 2,29,0,1,29
1066,TRAF1,Cluster 321,5,Component 2,5,0,1,5
1067,SERPINI1,Cluster 4411,1,Component 382,0,0,1,0
1068,TOP2B,Cluster 75,13,Component 2,5,0,1,5
1069,SLC34A3,Cluster 803,3,Component 383,2,0,1,2
1070,ERICH4,Cluster 4410,1,Component 384,0,0,1,0
1071,SETD2,Cluster 186,7,Component 2,13,1,1,12
1072,SCN11A,Cluster 23,28,Component 2,2,0,1,2
1073,TBC1D5,Cluster 802,3,Component 2,1,0,1,1
1074,RWDD4,Cluster 97,11,Component 2,8,0,1,8
1075,CDK12,Cluster 4409,1,Component 2,23,1,1,22
1076,NAA35,Cluster 203,7,Component 2,14,1,1,13
1077,AK9,Cluster 1386,2,Component 2,1,0,1,1
1078,EYS,Cluster 4408,1,Component 385,0,0,1,0
1079,NAGK,Cluster 4407,1,Component 2,5,1,1,4
1080,F2,Cluster 244,6,Component 2,3,0,1,3
1081,OBSL1,Cluster 1385,2,Component 386,1,0,1,1
1082,LONP2,Cluster 4406,1,Component 387,0,0,1,0
1083,HINFP,Cluster 62,16,Component 2,18,0,1,18
1084,PRKAB2,Cluster 801,3,Component 2,1,0,1,1
1085,KDM5A,Cluster 320,5,Component 2,7,0,1,7
1086,KCNH1,Cluster 4405,1,Component 388,0,0,1,0
1087,KRTDAP,Cluster 4404,1,Component 389,0,0,1,0
1088,COP1,Cluster 170,8,Component 2,2,0,1,2
1089,CAPZA1,Cluster 1384,2,Component 2,7,2,1,5
1090,EFCAB7,Cluster 235,6,Component 2,2,0,1,2
1091,COL2A1,Cluster 4403,1,Component 390,0,0,1,0
1092,PRKCB,Cluster 10,36,Component 2,4,1,1,3
1093,LINC01297,Cluster 4402,1,Component 391,0,0,1,0
1094,ROR1,Cluster 800,3,Component 2,3,0,1,3
1095,IFNW1,Cluster 4401,1,Component 392,0,0,1,0
1096,FOXA2,Cluster 1383,2,Component 2,3,2,1,1
1097,BMP3,Cluster 4400,1,Component 393,0,0,1,0
1098,KRT5,Cluster 87,12,Component 2,10,2,1,8
1099,MTSS1,Cluster 4399,1,Component 394,0,0,1,0
1100,ANAPC15,Cluster 1382,2,Component 2,1,0,1,1
1101,UGT8,Cluster 4398,1,Component 395,0,0,1,0
1102,EIF4ENIF1,Cluster 21,29,Component 2,6,2,1,4
1103,PROCR,Cluster 4397,1,Component 396,0,0,1,0
1104,UBQLN1,Cluster 203,7,Component 2,6,1,1,5
1105,SERPINF2,Cluster 4396,1,Component 397,0,0,1,0
1106,SPEM1,Cluster 1381,2,Component 398,1,0,1,1
1107,ALOX15,Cluster 164,8,Component 2,1,0,1,1
1108,PSMB3,Cluster 133,9,Component 2,14,2,1,12
1109,KRTAP1-5,Cluster 4395,1,Component 399,0,0,1,0
1110,ADCY5,Cluster 1380,2,Component 2,1,0,1,1
1111,GGT2P,Cluster 4394,1,Component 400,0,0,1,0
1112,EN2,Cluster 4393,1,Component 401,0,0,1,0
1113,HAO1,Cluster 1379,2,Component 402,1,0,1,1
1114,KCNK5,Cluster 4392,1,Component 403,0,0,1,0
1115,KCNJ2,Cluster 4391,1,Component 404,0,0,1,0
1116,VPS9D1,Cluster 79,13,Component 2,5,0,1,5
1117,SPRED1,Cluster 253,6,Component 2,1,0,1,1
1118,RBL2,Cluster 70,14,Component 2,7,1,1,6
1119,FZD10,Cluster 4390,1,Component 405,0,0,1,0
1120,RAD54L,Cluster 161,8,Component 2,26,2,1,24
1121,SLC25A33,Cluster 4389,1,Component 406,0,0,1,0
1122,IFIT1,Cluster 3,64,Component 2,59,7,1,52
1123,METTL13,Cluster 12,34,Component 2,15,2,1,13
1124,RAB2B,Cluster 111,10,Component 2,1,0,1,1
1125,LRRC15,Cluster 59,16,Component 2,5,0,1,5
1126,KIF3C,Cluster 4388,1,Component 407,0,0,1,0
1127,TMEM106B,Cluster 234,6,Component 2,7,0,1,7
1128,NSD2,Cluster 1,96,Component 2,25,0,1,25
1129,MEP1A,Cluster 4387,1,Component 408,0,0,1,0
1130,FAM168A,Cluster 168,8,Component 2,2,0,1,2
1131,JADE1,Cluster 1378,2,Component 2,1,0,1,1
1132,RAB3IL1,Cluster 1410,2,Component 311,1,1,1,0
1133,SUMF2,Cluster 1377,2,Component 409,1,0,1,1
1134,ARFGAP3,Cluster 799,3,Component 2,4,0,1,4
1135,TAF9,Cluster 1376,2,Component 2,1,0,1,1
1136,KIF27,Cluster 4386,1,Component 410,0,0,1,0
1137,TRAPPC3,Cluster 140,9,Component 2,15,2,1,13
1138,PTGIS,Cluster 4385,1,Component 411,0,0,1,0
1139,HARS2,Cluster 340,5,Component 2,7,3,1,4
1140,SOX6,Cluster 4384,1,Component 412,0,0,1,0
1141,CAPRIN1,Cluster 160,8,Component 2,10,1,1,9
1142,PNP,Cluster 4383,1,Component 413,0,0,1,0
1143,CDH10,Cluster 4382,1,Component 414,0,0,1,0
1144,ZCCHC8,Cluster 66,15,Component 2,6,1,1,5
1145,CLCC1,Cluster 264,6,Component 2,8,1,1,7
1146,SKAP2,Cluster 105,11,Component 2,4,0,1,4
1147,HEG1,Cluster 4381,1,Component 415,0,0,1,0
1148,APBA3,Cluster 330,5,Component 2,8,1,1,7
1149,OLIG2,Cluster 118,10,Component 2,1,0,1,1
1150,TEFM,Cluster 132,9,Component 2,7,0,1,7
1151,RGMB,Cluster 798,3,Component 416,2,0,1,2
1152,ARHGAP21,Cluster 1375,2,Component 417,1,0,1,1
1153,LATS1,Cluster 4380,1,Component 418,0,0,1,0
1154,BTG2,Cluster 7,39,Component 2,15,1,1,14
1155,SMC2,Cluster 1,96,Component 2,29,1,1,28
1156,SHE,Cluster 480,4,Component 2,1,0,1,1
1157,TPD52L2,Cluster 35,24,Component 2,15,2,1,13
1158,PAQR4,Cluster 797,3,Component 2,5,1,1,4
1159,LARS2,Cluster 796,3,Component 2,13,0,1,13
1160,SEC63,Cluster 49,19,Component 2,16,4,1,12
1161,CAND2,Cluster 53,18,Component 2,1,0,1,1
1162,HLA-DMA,Cluster 90,12,Component 2,27,1,1,26
1163,SCIN,Cluster 4379,1,Component 419,0,0,1,0
1164,ZNF609,Cluster 4378,1,Component 420,0,0,1,0
1165,SLBP,Cluster 88,12,Component 2,10,1,1,9
1166,EDF1,Cluster 13,33,Component 2,15,1,1,14
1167,GH2,Cluster 479,4,Component 2,1,0,1,1
1168,SNRPD3,Cluster 21,29,Component 2,21,1,1,20
1169,PMFBP1,Cluster 4377,1,Component 421,0,0,1,0
1170,PCSK4,Cluster 4376,1,Component 422,0,0,1,0
1171,IMPDH1,Cluster 832,3,Component 2,6,1,1,5
1172,SCUBE3,Cluster 4375,1,Component 423,0,0,1,0
1173,GMCL1,Cluster 795,3,Component 2,2,0,1,2
1174,SRCAP,Cluster 319,5,Component 2,5,0,1,5
1175,IFT74,Cluster 54,17,Component 2,7,0,1,7
1176,ZNF514,Cluster 1374,2,Component 2,1,0,1,1
1177,CAD,Cluster 341,5,Component 2,3,1,1,2
1178,EIF6,Cluster 81,13,Component 2,15,3,1,12
1179,HLA-B,Cluster 11,34,Component 2,36,5,1,31
1180,CX3CL1,Cluster 478,4,Component 2,1,0,1,1
1181,CWF19L2,Cluster 794,3,Component 2,1,0,1,1
1182,ATP1A4,Cluster 1373,2,Component 2,1,0,1,1
1183,KPNB1,Cluster 159,8,Component 2,5,0,1,5
1184,DRP2,Cluster 4374,1,Component 424,0,0,1,0
1185,ALDH9A1,Cluster 197,7,Component 2,3,0,1,3
1186,ELAC2,Cluster 337,5,Component 2,6,0,1,6
1187,SAE1,Cluster 793,3,Component 2,7,1,1,6
1188,GPC3,Cluster 4373,1,Component 425,0,0,1,0
1189,KRT81,Cluster 4372,1,Component 426,0,0,1,0
1190,DUSP4,Cluster 1372,2,Component 2,3,0,1,3
1191,YJEFN3,Cluster 4371,1,Component 427,0,0,1,0
1192,DCTD,Cluster 97,11,Component 2,5,0,1,5
1193,SLC2A13,Cluster 4370,1,Component 428,0,0,1,0
1194,DLG5,Cluster 4369,1,Component 429,0,0,1,0
1195,ABCG8,Cluster 1371,2,Component 430,1,0,1,1
1196,CRYBB3,Cluster 1370,2,Component 2,1,0,1,1
1197,TTPA,Cluster 4368,1,Component 431,0,0,1,0
1198,COX4I1,Cluster 29,25,Component 2,16,0,1,16
1199,SLC22A5,Cluster 4367,1,Component 432,0,0,1,0
1200,SCG3,Cluster 103,11,Component 2,5,0,1,5
1201,ZNF148,Cluster 4366,1,Component 2,16,3,1,13
1202,GCHFR,Cluster 1369,2,Component 2,1,0,1,1
1203,MYCL,Cluster 318,5,Component 2,1,0,1,1
1204,PDCD6,Cluster 112,10,Component 2,9,1,1,8
1205,MATN3,Cluster 59,16,Component 2,2,0,1,2
1206,VCP,Cluster 28,26,Component 2,26,5,1,21
1207,CRLF1,Cluster 1368,2,Component 433,1,0,1,1
1208,ADRA1B,Cluster 4365,1,Component 434,0,0,1,0
1209,MAP3K5,Cluster 1425,2,Component 2,8,1,1,7
1210,MAPK8IP1,Cluster 477,4,Component 2,2,0,1,2
1211,SPTBN5,Cluster 4364,1,Component 435,0,0,1,0
1212,TRAM1L1,Cluster 4363,1,Component 436,0,0,1,0
1213,NFIL3,Cluster 7,39,Component 2,14,1,1,13
1214,PVRIG,Cluster 2,70,Component 2,27,4,1,23
1215,ONECUT3,Cluster 4362,1,Component 437,0,0,1,0
1216,CLNS1A,Cluster 58,16,Component 2,12,0,1,12
1217,FSCN3,Cluster 1367,2,Component 438,1,0,1,1
1218,IPPK,Cluster 119,10,Component 2,1,0,1,1
1219,RAB40B,Cluster 42,21,Component 2,2,0,1,2
1220,CENPW,Cluster 792,3,Component 2,8,1,1,7
1221,ARHGEF3,Cluster 4361,1,Component 439,0,0,1,0
1222,SUFU,Cluster 233,6,Component 2,4,0,1,4
1223,ITGB7,Cluster 4360,1,Component 2,10,1,1,9
1224,RUNX1T1,Cluster 122,10,Component 2,2,0,1,2
1225,CFAP57,Cluster 4359,1,Component 440,0,0,1,0
1226,CBLL2,Cluster 41,21,Component 2,1,0,1,1
1227,TMPRSS11BNL,Cluster 4358,1,Component 441,0,0,1,0
1228,SOX11,Cluster 4357,1,Component 442,0,0,1,0
1229,ZNF207,Cluster 132,9,Component 2,9,2,1,7
1230,NOTCH4,Cluster 4356,1,Component 443,0,0,1,0
1231,ACKR1,Cluster 791,3,Component 2,8,1,1,7
1232,POLB,Cluster 32,24,Component 2,11,1,1,10
1233,NRAP,Cluster 4355,1,Component 444,0,0,1,0
1234,SLC51B,Cluster 4354,1,Component 445,0,0,1,0
1235,IQSEC1,Cluster 131,9,Component 2,1,0,1,1
1236,KLB,Cluster 790,3,Component 2,1,0,1,1
1237,RPS16,Cluster 4,61,Component 2,55,3,1,52
1238,SCAF8,Cluster 68,15,Component 2,13,2,1,11
1239,AGRN,Cluster 257,6,Component 2,1,0,1,1
1240,BHMT,Cluster 1366,2,Component 446,1,0,1,1
1241,DHX8,Cluster 476,4,Component 2,6,0,1,6
1242,LEPR,Cluster 1365,2,Component 447,1,0,1,1
1243,ARHGEF4,Cluster 4353,1,Component 448,0,0,1,0
1244,GPD1,Cluster 48,19,Component 2,13,3,1,10
1245,KIFBP,Cluster 69,14,Component 2,7,0,1,7
1246,LDHC,Cluster 192,7,Component 2,1,0,1,1
1247,SLC27A1,Cluster 4352,1,Component 449,0,0,1,0
1248,LAMB3,Cluster 836,3,Component 2,2,1,1,1
1249,SIX4,Cluster 317,5,Component 2,2,0,1,2
1250,UTP6,Cluster 475,4,Component 2,2,0,1,2
1251,C15orf39,Cluster 829,3,Component 2,3,1,1,2
1252,NIP7,Cluster 29,25,Component 2,14,1,1,13
1253,CDK6,Cluster 789,3,Component 2,5,0,1,5
1254,DUSP9,Cluster 474,4,Component 2,1,0,1,1
1255,ALB,Cluster 530,4,Component 2,3,1,1,2
1256,TASOR2,Cluster 43,20,Component 2,2,1,1,1
1257,ATP6V1B1,Cluster 788,3,Component 450,1,0,1,1
1258,CRY1,Cluster 1475,2,Component 2,1,1,1,0
1259,OXER1,Cluster 4351,1,Component 451,0,0,1,0
1260,PMPCA,Cluster 13,33,Component 2,17,3,1,14
1261,SIDT1,Cluster 787,3,Component 2,1,0,1,1
1262,FAM104A,Cluster 4350,1,Component 452,0,0,1,0
1263,WNT1,Cluster 786,3,Component 2,3,1,1,2
1264,NFKBIE,Cluster 134,9,Component 2,9,3,1,6
1265,UBA5,Cluster 4349,1,Component 2,15,1,1,14
1266,CSNK1D,Cluster 42,21,Component 2,12,2,1,10
1267,TMEM187,Cluster 22,29,Component 2,11,2,1,9
1268,INSM2,Cluster 4348,1,Component 453,0,0,1,0
1269,NR2C2,Cluster 131,9,Component 2,1,0,1,1
1270,NOX3,Cluster 4347,1,Component 454,0,0,1,0
1271,HOXD8,Cluster 246,6,Component 2,2,0,1,2
1272,NOC3L,Cluster 344,5,Component 2,5,1,1,4
1273,NUP43,Cluster 68,15,Component 2,13,0,1,13
1274,PLXNC1,Cluster 785,3,Component 2,2,0,1,2
1275,POU3F1,Cluster 4346,1,Component 455,0,0,1,0
1276,SYNE3,Cluster 4345,1,Component 456,0,0,1,0
1277,GBP1,Cluster 11,34,Component 2,60,7,1,53
1278,AAMP,Cluster 473,4,Component 2,2,0,1,2
1279,DGAT1,Cluster 33,24,Component 2,14,1,1,13
1280,CCDC152,Cluster 23,28,Component 2,13,1,1,12
1281,TNIP2,Cluster 119,10,Component 2,13,1,1,12
1282,TUBB4B,Cluster 316,5,Component 2,7,1,1,6
1283,GIMAP5,Cluster 4344,1,Component 457,0,0,1,0
1284,FAM186B,Cluster 4343,1,Component 458,0,0,1,0
1285,RPS27L,Cluster 141,9,Component 2,4,0,1,4
1286,CH25H,Cluster 472,4,Component 2,4,0,1,4
1287,CXCR1,Cluster 18,30,Component 2,12,2,1,10
1288,POT1,Cluster 41,21,Component 2,9,0,1,9
1289,TECPR2,Cluster 1364,2,Component 2,4,0,1,4
1290,CTNNBL1,Cluster 846,3,Component 2,19,7,1,12
1291,KLHDC10,Cluster 315,5,Component 2,5,1,1,4
1292,LRTM1,Cluster 4342,1,Component 459,0,0,1,0
1293,SLC16A5,Cluster 314,5,Component 2,2,0,1,2
1294,HBM,Cluster 15,31,Component 2,14,1,1,13
1295,S100G,Cluster 1363,2,Component 2,1,0,1,1
1296,KATNAL1,Cluster 4341,1,Component 460,0,0,1,0
1297,KDELR3,Cluster 1362,2,Component 2,8,2,1,6
1298,GHDC,Cluster 4340,1,Component 461,0,0,1,0
1299,DPEP1,Cluster 4339,1,Component 462,0,0,1,0
1300,HRH2,Cluster 4338,1,Component 463,0,0,1,0
1301,AVIL,Cluster 4337,1,Component 464,0,0,1,0
1302,CHCHD4,Cluster 1361,2,Component 2,1,0,1,1
1303,CD53,Cluster 27,26,Component 2,15,0,1,15
1304,MCM10,Cluster 1,96,Component 2,57,4,1,53
1305,FANCI,Cluster 1,96,Component 2,60,4,1,56
1306,TMEM201,Cluster 4336,1,Component 465,0,0,1,0
1307,CLK1,Cluster 4335,1,Component 2,24,5,1,19
1308,C2orf83,Cluster 4334,1,Component 466,0,0,1,0
1309,MRPL52,Cluster 784,3,Component 2,2,0,1,2
1310,SPRR1B,Cluster 171,8,Component 2,13,3,1,10
1311,EOGT,Cluster 516,4,Component 2,2,1,1,1
1312,STK25,Cluster 158,8,Component 2,8,0,1,8
1313,FGF3,Cluster 1415,2,Component 280,1,1,1,0
1314,HAMP,Cluster 185,7,Component 2,3,0,1,3
1315,TTPAL,Cluster 471,4,Component 2,2,0,1,2
1316,TMEM231,Cluster 4333,1,Component 467,0,0,1,0
1317,TUSC3,Cluster 1360,2,Component 2,3,0,1,3
1318,CTXN1,Cluster 4332,1,Component 468,0,0,1,0
1319,TNNT2,Cluster 470,4,Component 2,1,0,1,1
1320,USO1,Cluster 204,7,Component 2,13,4,1,9
1321,DOLPP1,Cluster 1359,2,Component 2,2,0,1,2
1322,KRT75,Cluster 4331,1,Component 469,0,0,1,0
1323,H1-3,Cluster 45,19,Component 2,15,0,1,15
1324,SARDH,Cluster 4330,1,Component 470,0,0,1,0
1325,CLASRP,Cluster 1358,2,Component 2,3,0,1,3
1326,ZCCHC2,Cluster 3,64,Component 2,21,2,1,19
1327,B3GNT6,Cluster 4329,1,Component 471,0,0,1,0
1328,CUL3,Cluster 4328,1,Component 2,4,0,1,4
1329,ADAP1,Cluster 4327,1,Component 472,0,0,1,0
1330,CLDN9,Cluster 4326,1,Component 473,0,0,1,0
1331,PHEX,Cluster 4325,1,Component 474,0,0,1,0
1332,KRTCAP2,Cluster 783,3,Component 2,2,0,1,2
1333,DRC3,Cluster 4324,1,Component 475,0,0,1,0
1334,IL17A,Cluster 1357,2,Component 2,1,0,1,1
1335,CRCT1,Cluster 130,9,Component 2,1,0,1,1
1336,ATAD2,Cluster 1,96,Component 2,35,3,1,32
1337,SHQ1,Cluster 129,9,Component 2,3,0,1,3
1338,TPST1,Cluster 1356,2,Component 476,1,0,1,1
1339,CPN1,Cluster 4323,1,Component 477,0,0,1,0
1340,LYN,Cluster 232,6,Component 2,6,0,1,6
1341,GALR1,Cluster 4322,1,Component 478,0,0,1,0
1342,COA5,Cluster 782,3,Component 2,2,0,1,2
1343,MRAS,Cluster 4321,1,Component 479,0,0,1,0
1344,GABRG3,Cluster 4320,1,Component 480,0,0,1,0
1345,ENSG00000260643,Cluster 4319,1,Component 481,0,0,1,0
1346,KLHL20,Cluster 78,13,Component 2,3,1,1,2
1347,CSH2,Cluster 4318,1,Component 482,0,0,1,0
1348,TNP2,Cluster 4317,1,Component 483,0,0,1,0
1349,RAB1A,Cluster 1355,2,Component 2,17,0,1,17
1350,HSPH1,Cluster 231,6,Component 2,18,1,1,17
1351,AADACL2,Cluster 4316,1,Component 484,0,0,1,0
1352,ERC1,Cluster 320,5,Component 2,4,1,1,3
1353,SLPI,Cluster 19,29,Component 2,10,1,1,9
1354,BMI1,Cluster 781,3,Component 2,1,0,1,1
1355,ASS1,Cluster 4315,1,Component 485,0,0,1,0
1356,GOLGA7B,Cluster 4314,1,Component 486,0,0,1,0
1357,DHX29,Cluster 351,5,Component 2,6,2,1,4
1358,SPTBN4,Cluster 1354,2,Component 487,1,0,1,1
1359,METTL18,Cluster 197,7,Component 2,10,2,1,8
1360,LY9,Cluster 2,70,Component 2,14,1,1,13
1361,FASTKD1,Cluster 1435,2,Component 2,1,1,1,0
1362,CPT1A,Cluster 359,5,Component 2,2,1,1,1
1363,DNAJB1,Cluster 231,6,Component 2,16,2,1,14
1364,BRF2,Cluster 32,24,Component 2,11,1,1,10
1365,RPRD1A,Cluster 25,26,Component 2,12,3,1,9
1366,ANKK1,Cluster 4313,1,Component 488,0,0,1,0
1367,S100A7,Cluster 469,4,Component 2,11,3,1,8
1368,AHSP,Cluster 15,31,Component 2,17,2,1,15
1369,NNT,Cluster 780,3,Component 2,4,0,1,4
1370,MAGEB10,Cluster 4312,1,Component 489,0,0,1,0
1371,HMOX2,Cluster 47,19,Component 2,6,0,1,6
1372,CCDC96,Cluster 1503,2,Component 63,1,1,1,0
1373,U2SURP,Cluster 99,11,Component 2,11,0,1,11
1374,RRP7A,Cluster 779,3,Component 2,5,0,1,5
1375,CEP83,Cluster 778,3,Component 2,2,0,1,2
1376,PGRMC1,Cluster 50,18,Component 2,11,2,1,9
1377,SNX11,Cluster 468,4,Component 2,4,1,1,3
1378,VIPR1,Cluster 4311,1,Component 490,0,0,1,0
1379,RRP9,Cluster 777,3,Component 2,4,0,1,4
1380,GNAS,Cluster 467,4,Component 2,6,0,1,6
1381,CEBPZOS,Cluster 254,6,Component 2,3,0,1,3
1382,XIRP1,Cluster 1353,2,Component 491,1,0,1,1
1383,PRAF2,Cluster 776,3,Component 2,5,0,1,5
1384,SLTM,Cluster 1352,2,Component 2,13,3,1,10
1385,CCDC86,Cluster 777,3,Component 2,3,0,1,3
1386,CRTC3,Cluster 334,5,Component 2,4,0,1,4
1387,APOF,Cluster 4310,1,Component 492,0,0,1,0
1388,AKR7A2,Cluster 466,4,Component 2,7,0,1,7
1389,PTH,Cluster 1351,2,Component 493,1,0,1,1
1390,KIR3DL1,Cluster 551,4,Component 2,4,2,1,2
1391,PSMC1,Cluster 1350,2,Component 2,26,3,1,23
1392,NFATC3,Cluster 79,13,Component 2,12,3,1,9
1393,LMAN1L,Cluster 4309,1,Component 494,0,0,1,0
1394,FILIP1,Cluster 4308,1,Component 495,0,0,1,0
1395,CASK,Cluster 159,8,Component 2,2,0,1,2
1396,B4GAT1,Cluster 4307,1,Component 496,0,0,1,0
1397,DCLRE1B,Cluster 1349,2,Component 2,1,0,1,1
1398,ASRGL1,Cluster 1348,2,Component 2,1,0,1,1
1399,POGLUT2,Cluster 1347,2,Component 497,1,0,1,1
1400,ZNF124,Cluster 4306,1,Component 498,0,0,1,0
1401,SLC25A22,Cluster 4305,1,Component 499,0,0,1,0
1402,IL1B,Cluster 775,3,Component 2,38,5,1,33
1403,ARPC5L,Cluster 550,4,Component 2,6,1,1,5
1404,ZNF770,Cluster 774,3,Component 2,1,0,1,1
1405,DCHS1,Cluster 1346,2,Component 2,3,0,1,3
1406,RAPH1,Cluster 4304,1,Component 500,0,0,1,0
1407,MUC15,Cluster 4303,1,Component 501,0,0,1,0
1408,FH,Cluster 1345,2,Component 2,32,6,1,26
1409,TOMM20,Cluster 495,4,Component 2,26,5,1,21
1410,ZNF75D,Cluster 773,3,Component 2,3,1,1,2
1411,VWA5A,Cluster 100,11,Component 2,3,0,1,3
1412,STIM2,Cluster 4302,1,Component 502,0,0,1,0
1413,SLC6A8,Cluster 772,3,Component 2,1,0,1,1
1414,SLC10A2,Cluster 1344,2,Component 503,1,0,1,1
1415,AGTR2,Cluster 4301,1,Component 504,0,0,1,0
1416,PMPCB,Cluster 41,21,Component 2,13,1,1,12
1417,PPP1R17,Cluster 4300,1,Component 505,0,0,1,0
1418,PTPRR,Cluster 536,4,Component 2,1,1,1,0
1419,C12orf57,Cluster 4,61,Component 2,3,0,1,3
1420,OSER1,Cluster 89,12,Component 2,6,2,1,4
1421,KMT2C,Cluster 465,4,Component 2,2,1,1,1
1422,WNK3,Cluster 1343,2,Component 506,1,0,1,1
1423,ATG9A,Cluster 230,6,Component 2,3,0,1,3
1424,RHEB,Cluster 1342,2,Component 2,1,0,1,1
1425,AZIN2,Cluster 5,52,Component 2,1,0,1,1
1426,PTDSS1,Cluster 464,4,Component 2,10,0,1,10
1427,GPC4,Cluster 4299,1,Component 507,0,0,1,0
1428,ACO1,Cluster 771,3,Component 2,2,0,1,2
1429,NLRP7,Cluster 26,26,Component 2,3,1,1,2
1430,EVI2B,Cluster 463,4,Component 2,23,6,1,17
1431,DEFA4,Cluster 19,29,Component 2,21,4,1,17
1432,FOSL2,Cluster 7,39,Component 2,15,1,1,14
1433,NRAS,Cluster 36,23,Component 2,15,2,1,13
1434,FDXACB1,Cluster 863,3,Component 2,1,0,1,1
1435,ATP6V0E2,Cluster 462,4,Component 2,2,0,1,2
1436,MAP4K1,Cluster 852,3,Component 2,21,3,1,18
1437,ANGPT2,Cluster 96,11,Component 2,13,0,1,13
1438,SH2D4A,Cluster 4298,1,Component 508,0,0,1,0
1439,IL17REL,Cluster 4297,1,Component 509,0,0,1,0
1440,CYP2C19,Cluster 770,3,Component 2,1,0,1,1
1441,MAG,Cluster 335,5,Component 2,1,0,1,1
1442,IFT20,Cluster 61,16,Component 2,7,0,1,7
1443,ERI1,Cluster 9,36,Component 2,6,0,1,6
1444,SEPTIN2,Cluster 158,8,Component 2,5,1,1,4
1445,SLC27A2,Cluster 4296,1,Component 510,0,0,1,0
1446,OR5P2,Cluster 4295,1,Component 511,0,0,1,0
1447,ACSM2B,Cluster 769,3,Component 2,1,0,1,1
1448,TTLL1,Cluster 237,6,Component 2,2,0,1,2
1449,HLTF,Cluster 99,11,Component 2,3,1,1,2
1450,ZMAT5,Cluster 21,29,Component 2,7,2,1,5
1451,APOC1,Cluster 313,5,Component 2,20,1,1,19
1452,FBXO15,Cluster 4294,1,Component 512,0,0,1,0
1453,HIGD2A,Cluster 349,5,Component 2,10,2,1,8
1454,ZFP1,Cluster 4293,1,Component 513,0,0,1,0
1455,HGSNAT,Cluster 32,24,Component 2,11,1,1,10
1456,KCNIP2,Cluster 4292,1,Component 514,0,0,1,0
1457,NTM,Cluster 4291,1,Component 515,0,0,1,0
1458,CLEC11A,Cluster 16,30,Component 2,1,0,1,1
1459,WASF3,Cluster 4290,1,Component 516,0,0,1,0
1460,PRR35,Cluster 1341,2,Component 517,1,0,1,1
1461,C1orf74,Cluster 4289,1,Component 518,0,0,1,0
1462,C8A,Cluster 768,3,Component 519,2,0,1,2
1463,MEF2C,Cluster 229,6,Component 2,3,0,1,3
1464,NBPF1,Cluster 4288,1,Component 520,0,0,1,0
1465,STAC2,Cluster 4287,1,Component 521,0,0,1,0
1466,RPS6KA5,Cluster 767,3,Component 2,5,2,1,3
1467,CRKL,Cluster 1409,2,Component 2,12,2,1,10
1468,CCNQ,Cluster 22,29,Component 2,3,0,1,3
1469,DYNC2LI1,Cluster 766,3,Component 2,2,1,1,1
1470,GLRX5,Cluster 1350,2,Component 2,9,2,1,7
1471,LHFPL7,Cluster 4286,1,Component 522,0,0,1,0
1472,GPRC5D,Cluster 4285,1,Component 523,0,0,1,0
1473,FYN,Cluster 2,70,Component 2,8,0,1,8
1474,TMC6,Cluster 461,4,Component 2,4,0,1,4
1475,RPAIN,Cluster 6,45,Component 2,1,0,1,1
1476,KATNA1,Cluster 68,15,Component 2,14,2,1,12
1477,KLF6,Cluster 7,39,Component 2,26,3,1,23
1478,GATD3,Cluster 157,8,Component 2,9,1,1,8
1479,PON1,Cluster 765,3,Component 524,2,0,1,2
1480,PRPH2,Cluster 4284,1,Component 525,0,0,1,0
1481,CCDC28A,Cluster 764,3,Component 2,6,0,1,6
1482,INPP5J,Cluster 4283,1,Component 526,0,0,1,0
1483,MAEA,Cluster 88,12,Component 2,21,5,1,16
1484,ANXA8,Cluster 4282,1,Component 527,0,0,1,0
1485,PPP1CB,Cluster 4281,1,Component 2,6,1,1,5
1486,SPPL2C,Cluster 4280,1,Component 528,0,0,1,0
1487,SCRN1,Cluster 1403,2,Component 2,1,1,1,0
1488,SEMA3E,Cluster 763,3,Component 529,1,0,1,1
1489,ARHGAP9,Cluster 853,3,Component 2,4,1,1,3
1490,IFI44L,Cluster 3,64,Component 2,58,10,1,48
1491,UFM1,Cluster 17,30,Component 2,20,3,1,17
1492,MAP2,Cluster 4279,1,Component 530,0,0,1,0
1493,PFDN5,Cluster 4,61,Component 2,44,5,1,39
1494,SLC1A4,Cluster 4278,1,Component 531,0,0,1,0
1495,EIF2B4,Cluster 460,4,Component 2,11,1,1,10
1496,BAG2,Cluster 1340,2,Component 532,1,0,1,1
1497,EDEM1,Cluster 75,13,Component 2,1,0,1,1
1498,PSMC5,Cluster 459,4,Component 2,23,2,1,21
1499,SOSTDC1,Cluster 1339,2,Component 533,1,0,1,1
1500,APOA2,Cluster 39,22,Component 2,1,0,1,1
1501,SHROOM3,Cluster 128,9,Component 2,1,0,1,1
1502,ZNF99,Cluster 4277,1,Component 534,0,0,1,0
1503,TRIM13,Cluster 17,30,Component 2,16,2,1,14
1504,OSBPL2,Cluster 35,24,Component 2,13,4,1,9
1505,MPL,Cluster 762,3,Component 2,2,0,1,2
1506,MUC3A,Cluster 4276,1,Component 535,0,0,1,0
1507,UTP23,Cluster 60,16,Component 2,6,2,1,4
1508,HSPA1B,Cluster 761,3,Component 2,1,0,1,1
1509,NXT2,Cluster 50,18,Component 2,6,2,1,4
1510,RNF19B,Cluster 497,4,Component 2,1,0,1,1
1511,ITGB3,Cluster 46,19,Component 2,12,1,1,11
1512,MYOT,Cluster 4275,1,Component 536,0,0,1,0
1513,DDB2,Cluster 141,9,Component 2,7,2,1,5
1514,PTPRE,Cluster 1338,2,Component 2,3,1,1,2
1515,CD1B,Cluster 206,7,Component 2,4,0,1,4
1516,PRMT3,Cluster 135,9,Component 2,3,0,1,3
1517,ESD,Cluster 17,30,Component 2,11,2,1,9
1518,COPB1,Cluster 818,3,Component 2,11,1,1,10
1519,SNAPC2,Cluster 4274,1,Component 537,0,0,1,0
1520,NOC2L,Cluster 549,4,Component 2,15,1,1,14
1521,COCH,Cluster 36,23,Component 2,1,0,1,1
1522,HSBP1,Cluster 29,25,Component 2,21,1,1,20
1523,TYK2,Cluster 1337,2,Component 2,12,3,1,9
1524,SORBS3,Cluster 1336,2,Component 2,1,0,1,1
1525,MAOA,Cluster 4273,1,Component 538,0,0,1,0
1526,NR2F1,Cluster 39,22,Component 2,1,0,1,1
1527,XPA,Cluster 4272,1,Component 539,0,0,1,0
1528,SLC8A2,Cluster 4271,1,Component 540,0,0,1,0
1529,TARDBP,Cluster 365,5,Component 2,10,2,1,8
1530,GASK1B,Cluster 16,30,Component 2,1,0,1,1
1531,SHPK,Cluster 760,3,Component 2,2,0,1,2
1532,ICAM5,Cluster 4270,1,Component 541,0,0,1,0
1533,REXO4,Cluster 13,33,Component 2,15,4,1,11
1534,GCC2,Cluster 4269,1,Component 542,0,0,1,0
1535,TALDO1,Cluster 759,3,Component 2,8,1,1,7
1536,SPATA20,Cluster 481,4,Component 2,2,0,1,2
1537,FGA,Cluster 244,6,Component 2,4,3,1,1
1538,CAPN1,Cluster 1335,2,Component 2,3,0,1,3
1539,GRSF1,Cluster 204,7,Component 2,13,2,1,11
1540,FOXO4,Cluster 4268,1,Component 543,0,0,1,0
1541,DNAJB2,Cluster 230,6,Component 2,4,1,1,3
1542,FMR1,Cluster 50,18,Component 2,13,2,1,11
1543,RNGTT,Cluster 458,4,Component 2,7,2,1,5
1544,APIP,Cluster 160,8,Component 2,2,1,1,1
1545,CSPP1,Cluster 5,52,Component 2,12,1,1,11
1546,RLF,Cluster 318,5,Component 2,4,0,1,4
1547,NCOR1,Cluster 256,6,Component 2,8,2,1,6
1548,NR2C1,Cluster 778,3,Component 2,2,1,1,1
1549,PNMT,Cluster 4267,1,Component 2,11,1,1,10
1550,SFN,Cluster 87,12,Component 2,3,0,1,3
1551,PRKCQ,Cluster 2,70,Component 2,7,1,1,6
1552,RNF111,Cluster 24,27,Component 2,15,1,1,14
1553,CCDC27,Cluster 4266,1,Component 544,0,0,1,0
1554,RBM8A,Cluster 1334,2,Component 2,5,0,1,5
1555,EDNRB,Cluster 110,10,Component 2,1,0,1,1
1556,GPHA2,Cluster 1333,2,Component 545,1,0,1,1
1557,PAWR,Cluster 4265,1,Component 546,0,0,1,0
1558,GTF3C1,Cluster 208,7,Component 2,9,3,1,6
1559,HADHB,Cluster 4264,1,Component 2,5,0,1,5
1560,MTMR11,Cluster 4263,1,Component 547,0,0,1,0
1561,PTPRZ1,Cluster 314,5,Component 2,5,2,1,3
1562,PCCA,Cluster 758,3,Component 2,1,0,1,1
1563,CNDP2,Cluster 25,26,Component 2,1,0,1,1
1564,TUBB6,Cluster 316,5,Component 2,4,0,1,4
1565,MYL12B,Cluster 37,22,Component 2,10,0,1,10
1566,TRMT12,Cluster 60,16,Component 2,7,2,1,5
1567,SPATA2,Cluster 89,12,Component 2,5,1,1,4
1568,GPR37,Cluster 757,3,Component 2,1,0,1,1
1569,NFYC,Cluster 364,5,Component 2,10,2,1,8
1570,HPS4,Cluster 1332,2,Component 2,6,0,1,6
1571,ITGB2,Cluster 27,26,Component 2,34,1,1,33
1572,PRSS37,Cluster 4262,1,Component 548,0,0,1,0
1573,PAMR1,Cluster 4261,1,Component 549,0,0,1,0
1574,CATSPERZ,Cluster 4260,1,Component 550,0,0,1,0
1575,GADD45GIP1,Cluster 325,5,Component 2,1,0,1,1
1576,PSMD4,Cluster 12,34,Component 2,38,3,1,35
1577,POLR2J3,Cluster 55,17,Component 2,1,0,1,1
1578,CRYZL1,Cluster 139,9,Component 2,6,1,1,5
1579,PARP12,Cluster 3,64,Component 2,66,14,1,52
1580,CACNB1,Cluster 4259,1,Component 551,0,0,1,0
1581,DPPA5,Cluster 4258,1,Component 552,0,0,1,0
1582,MACROD2,Cluster 4257,1,Component 553,0,0,1,0
1583,BBS10,Cluster 1331,2,Component 2,4,1,1,3
1584,TRMT11,Cluster 353,5,Component 2,11,3,1,8
1585,TIGD1,Cluster 4256,1,Component 554,0,0,1,0
1586,KCTD12,Cluster 86,12,Component 2,1,0,1,1
1587,SOX4,Cluster 1330,2,Component 2,2,1,1,1
1588,RNH1,Cluster 228,6,Component 2,5,0,1,5
1589,GON4L,Cluster 457,4,Component 2,12,2,1,10
1590,IRF1,Cluster 11,34,Component 2,65,15,1,50
1591,Q96NF6,Cluster 4255,1,Component 555,0,0,1,0
1592,PPP1R27,Cluster 4254,1,Component 556,0,0,1,0
1593,ARPC2,Cluster 312,5,Component 2,7,1,1,6
1594,NDUFA2,Cluster 57,16,Component 2,12,0,1,12
1595,MTMR14,Cluster 131,9,Component 2,1,0,1,1
1596,MR1,Cluster 4253,1,Component 557,0,0,1,0
1597,KBTBD11,Cluster 1329,2,Component 558,1,0,1,1
1598,ELOA,Cluster 756,3,Component 2,1,0,1,1
1599,ZNF510,Cluster 1328,2,Component 2,1,0,1,1
1600,ATP5PO,Cluster 1327,2,Component 2,21,2,1,19
1601,CENPT,Cluster 4252,1,Component 559,0,0,1,0
1602,SAGE1,Cluster 4251,1,Component 560,0,0,1,0
1603,RBM27,Cluster 523,4,Component 2,7,1,1,6
1604,TRPV4,Cluster 4250,1,Component 561,0,0,1,0
1605,MAX,Cluster 4249,1,Component 2,16,4,1,12
1606,UBXN10,Cluster 4248,1,Component 562,0,0,1,0
1607,ARMC6,Cluster 72,14,Component 2,3,1,1,2
1608,FCN3,Cluster 4247,1,Component 563,0,0,1,0
1609,PRAC1,Cluster 1326,2,Component 564,1,0,1,1
1610,EDRF1,Cluster 190,7,Component 2,2,0,1,2
1611,TNS2,Cluster 4246,1,Component 565,0,0,1,0
1612,SLC6A15,Cluster 4245,1,Component 566,0,0,1,0
1613,MXD4,Cluster 1325,2,Component 567,1,0,1,1
1614,PRKD2,Cluster 184,7,Component 2,2,0,1,2
1615,RALGAPA1,Cluster 4244,1,Component 568,0,0,1,0
1616,COL11A1,Cluster 117,10,Component 2,22,4,1,18
1617,CYB5R3,Cluster 1324,2,Component 2,6,1,1,5
1618,WIF1,Cluster 4243,1,Component 569,0,0,1,0
1619,ACTRT1,Cluster 4242,1,Component 570,0,0,1,0
1620,SSTR3,Cluster 4241,1,Component 571,0,0,1,0
1621,ARL6IP5,Cluster 776,3,Component 2,2,1,1,1
1622,TEX264,Cluster 311,5,Component 2,6,0,1,6
1623,DDX20,Cluster 1349,2,Component 2,2,1,1,1
1624,TMEM43,Cluster 131,9,Component 2,2,0,1,2
1625,SPATS1,Cluster 4240,1,Component 572,0,0,1,0
1626,CD99,Cluster 95,11,Component 2,7,1,1,6
1627,CCL8,Cluster 3,64,Component 2,27,7,1,20
1628,TVP23C,Cluster 4239,1,Component 573,0,0,1,0
1629,PPM1F,Cluster 138,9,Component 2,1,1,1,0
1630,IL5,Cluster 1323,2,Component 574,1,0,1,1
1631,SKIL,Cluster 310,5,Component 2,1,0,1,1
1632,HOXC11,Cluster 327,5,Component 352,3,1,1,2
1633,PAQR6,Cluster 4238,1,Component 575,0,0,1,0
1634,MYOF,Cluster 4237,1,Component 576,0,0,1,0
1635,ISCA1,Cluster 4236,1,Component 2,8,3,1,5
1636,KLHDC2,Cluster 127,9,Component 2,8,1,1,7
1637,RBBP8,Cluster 755,3,Component 2,7,0,1,7
1638,AP3D1,Cluster 4235,1,Component 2,15,2,1,13
1639,SUDS3,Cluster 108,11,Component 2,3,0,1,3
1640,UBAC1,Cluster 13,33,Component 2,7,2,1,5
1641,DCTN6,Cluster 9,36,Component 2,24,0,1,24
1642,TRIM23,Cluster 843,3,Component 2,4,3,1,1
1643,SELENOS,Cluster 534,4,Component 2,9,1,1,8
1644,MED1,Cluster 133,9,Component 2,25,6,1,19
1645,APBA2,Cluster 4234,1,Component 577,0,0,1,0
1646,C1QTNF1,Cluster 4233,1,Component 578,0,0,1,0
1647,ADK,Cluster 69,14,Component 2,7,0,1,7
1648,TAL2,Cluster 4232,1,Component 579,0,0,1,0
1649,DPEP3,Cluster 754,3,Component 2,1,0,1,1
1650,UBXN1,Cluster 108,11,Component 2,5,1,1,4
1651,MENT,Cluster 4231,1,Component 580,0,0,1,0
1652,LIPT1,Cluster 782,3,Component 2,3,2,1,1
1653,GCKR,Cluster 1322,2,Component 2,1,0,1,1
1654,F10,Cluster 39,22,Component 2,1,0,1,1
1655,CFAP20,Cluster 85,12,Component 2,21,1,1,20
1656,MRPL24,Cluster 12,34,Component 2,12,2,1,10
1657,CEP164,Cluster 4230,1,Component 581,0,0,1,0
1658,GRIA3,Cluster 4229,1,Component 582,0,0,1,0
1659,LOXL1,Cluster 753,3,Component 2,3,0,1,3
1660,SERPINA5,Cluster 1321,2,Component 2,1,0,1,1
1661,DLX6-AS1,Cluster 4228,1,Component 583,0,0,1,0
1662,CALCA,Cluster 4227,1,Component 584,0,0,1,0
1663,PRPF3,Cluster 457,4,Component 2,14,2,1,12
1664,SLC25A21,Cluster 1320,2,Component 585,1,0,1,1
1665,CXCL10,Cluster 3,64,Component 2,53,10,1,43
1666,BTF3,Cluster 4,61,Component 2,50,4,1,46
1667,GJB1,Cluster 752,3,Component 586,1,0,1,1
1668,TNNC1,Cluster 309,5,Component 2,3,1,1,2
1669,DDX54,Cluster 1319,2,Component 2,4,0,1,4
1670,UBASH3A,Cluster 2,70,Component 2,28,6,1,22
1671,APC2,Cluster 4226,1,Component 587,0,0,1,0
1672,ADAMTS17,Cluster 4225,1,Component 588,0,0,1,0
1673,PPFIA1,Cluster 227,6,Component 2,7,0,1,7
1674,GLDC,Cluster 26,26,Component 2,3,1,1,2
1675,GPR25,Cluster 4224,1,Component 589,0,0,1,0
1676,ZDHHC16,Cluster 503,4,Component 2,1,0,1,1
1677,WDFY3,Cluster 781,3,Component 2,1,0,1,1
1678,ANKRD6,Cluster 1318,2,Component 2,1,0,1,1
1679,ZNF157,Cluster 4223,1,Component 590,0,0,1,0
1680,POMT1,Cluster 751,3,Component 2,5,0,1,5
1681,CCDC97,Cluster 1317,2,Component 2,2,0,1,2
1682,UBE4A,Cluster 62,16,Component 2,17,2,1,15
1683,ESAM,Cluster 226,6,Component 2,5,1,1,4
1684,SNRPB,Cluster 20,29,Component 2,12,3,1,9
1685,SETDB1,Cluster 12,34,Component 2,16,4,1,12
1686,CASP10,Cluster 871,3,Component 2,10,1,1,9
1687,LDLR,Cluster 30,25,Component 2,6,1,1,5
1688,TRIM22,Cluster 3,64,Component 2,58,8,1,50
1689,ARNT,Cluster 259,6,Component 2,2,2,1,0
1690,CT55,Cluster 4222,1,Component 591,0,0,1,0
1691,RHOQ,Cluster 4221,1,Component 592,0,0,1,0
1692,ELMOD2,Cluster 4220,1,Component 593,0,0,1,0
1693,NEDD4L,Cluster 1343,2,Component 506,1,1,1,0
1694,BRD3OS,Cluster 1316,2,Component 2,1,0,1,1
1695,CNTFR,Cluster 750,3,Component 2,4,0,1,4
1696,ACP4,Cluster 4219,1,Component 594,0,0,1,0
1697,GCLM,Cluster 56,17,Component 2,5,2,1,3
1698,CYBB,Cluster 27,26,Component 2,29,3,1,26
1699,EPHA3,Cluster 4218,1,Component 595,0,0,1,0
1700,CNGB1,Cluster 4217,1,Component 596,0,0,1,0
1701,DERA,Cluster 101,11,Component 2,8,1,1,7
1702,PSMC3IP,Cluster 159,8,Component 2,6,1,1,5
1703,ATP1A1,Cluster 4216,1,Component 2,7,2,1,5
1704,ACTL6B,Cluster 183,7,Component 2,1,0,1,1
1705,HCRTR1,Cluster 749,3,Component 2,5,0,1,5
1706,PCDHB1,Cluster 4215,1,Component 597,0,0,1,0
1707,MAL2,Cluster 748,3,Component 2,1,0,1,1
1708,XAF1,Cluster 3,64,Component 2,67,16,1,51
1709,TRIM21,Cluster 3,64,Component 2,52,11,1,41
1710,SLC30A4,Cluster 4214,1,Component 598,0,0,1,0
1711,SP100,Cluster 3,64,Component 2,40,10,1,30
1712,MMADHC,Cluster 456,4,Component 2,10,1,1,9
1713,KCNH4,Cluster 4213,1,Component 599,0,0,1,0
1714,FAM89B,Cluster 857,3,Component 2,7,1,1,6
1715,KAZN,Cluster 4212,1,Component 600,0,0,1,0
1716,FAAH2,Cluster 518,4,Component 2,2,1,1,1
1717,MACROH2A2,Cluster 4211,1,Component 601,0,0,1,0
1718,SLC34A1,Cluster 803,3,Component 383,2,1,1,1
1719,DNAJC15,Cluster 137,9,Component 2,2,1,1,1
1720,ATMIN,Cluster 29,25,Component 2,15,1,1,14
1721,MRPS27,Cluster 308,5,Component 2,7,1,1,6
1722,AIRE,Cluster 4210,1,Component 602,0,0,1,0
1723,MMGT1,Cluster 50,18,Component 2,2,0,1,2
1724,SPPL2A,Cluster 24,27,Component 2,2,1,1,1
1725,KL,Cluster 4209,1,Component 603,0,0,1,0
1726,GRHL2,Cluster 455,4,Component 2,3,0,1,3
1727,ELOVL2,Cluster 4208,1,Component 604,0,0,1,0
1728,MYO1F,Cluster 328,5,Component 2,19,4,1,15
1729,NRCAM,Cluster 4207,1,Component 605,0,0,1,0
1730,CLDN3,Cluster 498,4,Component 2,2,0,1,2
1731,SNAI2,Cluster 16,30,Component 2,1,1,1,0
1732,TAPBPL,Cluster 11,34,Component 2,15,2,1,13
1733,LUC7L3,Cluster 143,9,Component 2,32,4,1,28
1734,MPLKIP,Cluster 834,3,Component 2,6,1,1,5
1735,SELENBP1,Cluster 15,31,Component 2,9,1,1,8
1736,ITPA,Cluster 20,29,Component 2,14,3,1,11
1737,CACNG3,Cluster 4206,1,Component 606,0,0,1,0
1738,NAP1L1,Cluster 4205,1,Component 2,17,2,1,15
1739,RBPMS2,Cluster 4204,1,Component 607,0,0,1,0